 ;1960;1961;1962;1963;1964;1965;1966;1967;1968;1969;;1970;1971;1972;1973;1974;1975;1976;1977;1978;1979;1980;1981;1982;1983;1984;1985;1986;1987;1988;1989;1990;1991;1992;1993;1994;1995;1996;1997;1998;1999;2000;2001;2002;2003;2004;2005;2006;2007;2008;2009;2010;2011;2012;2013;2014;2015;2016;2017;2018;2019;2020;2021;2022
Afghanistan;..;..;..;..;..;..;..;..;..;..;;..;..;..;..;..;..;..;..;..;..;..;..;..;..;..;..;..;..;..;..;23.0;23.7;27.4;28.5;30.1;31.8;33.9;36.4;38.0;43.4;45.0;45.6;37.8;36.7;44.2;33.9;31.9;28.8;21.2;16.5;15.2;12.6;15.4;16.9;18.9;17.5;19.9;19.2;18.0;18.5;17.6;17.9;..
Albania;..;..;..;..;..;..;..;..;..;..;;..;..;..;..;..;..;..;..;..;..;..;..;..;..;..;..;..;..;..;..;25.5;33.0;46.8;51.1;51.4;50.6;51.6;55.9;49.9;42.6;41.4;39.0;35.8;33.7;35.8;36.8;31.6;32.0;35.8;37.1;37.0;35.8;39.9;41.1;38.6;38.5;39.4;36.9;37.8;40.1;44.6;..;..
Algeria;..;..;..;..;..;..;..;..;..;..;;..;..;..;..;..;..;..;..;..;..;..;..;..;..;..;..;..;..;..;..;0.2;0.3;0.3;0.5;0.4;0.4;0.4;0.5;0.5;0.5;0.4;0.4;0.5;0.5;0.4;0.6;0.4;0.4;0.3;0.3;0.3;0.2;0.2;0.1;0.1;0.1;0.1;0.1;0.2;0.2;0.2;..;..
American Samoa;..;..;..;..;..;..;..;..;..;..;;..;..;..;..;..;..;..;..;..;..;..;..;..;..;..;..;..;..;..;..;0.0;0.0;0.0;0.0;0.0;0.0;0.0;0.0;0.0;0.0;0.0;0.0;0.0;0.0;0.0;0.0;0.0;0.0;0.0;0.0;0.0;0.0;0.1;0.2;0.2;0.2;0.3;0.5;0.5;0.5;0.5;0.5;..
Andorra;..;..;..;..;..;..;..;..;..;..;;..;..;..;..;..;..;..;..;..;..;..;..;..;..;..;..;..;..;..;..;14.1;14.1;14.1;13.7;14.4;14.3;13.9;14.0;14.2;14.3;14.5;15.4;15.8;16.5;16.6;16.6;17.6;16.6;17.0;17.1;18.7;18.6;18.8;19.1;19.5;19.3;19.3;19.0;18.6;18.5;21.9;20.6;..
Angola;..;..;..;..;..;..;..;..;..;..;;..;..;..;..;..;..;..;..;..;..;..;..;..;..;..;..;..;..;..;..;72.3;71.9;72.7;71.3;72.2;73.8;72.8;73.2;76.1;72.4;73.4;72.3;70.4;65.1;61.9;68.4;62.1;58.5;54.9;52.4;52.5;51.1;49.5;48.0;48.3;47.8;49.0;56.3;55.9;54.4;61.0;..;..
Antigua and Barbuda;..;..;..;..;..;..;..;..;..;..;;..;..;..;..;..;..;..;..;..;..;..;..;..;..;..;..;..;..;..;..;0.0;0.0;0.0;0.0;0.0;0.0;0.0;0.0;0.0;0.0;0.0;0.0;0.0;0.0;0.0;0.0;0.0;0.0;0.0;0.0;0.0;0.1;0.1;0.1;0.1;0.4;0.5;0.5;0.7;0.7;0.7;0.7;..
Argentina;..;..;..;..;..;..;..;..;..;..;;..;..;..;..;..;..;..;..;..;..;..;..;..;..;..;..;..;..;..;..;8.6;8.4;9.0;9.7;10.0;10.2;8.6;9.7;9.6;8.8;9.9;11.5;11.6;10.8;9.3;9.6;9.2;7.7;7.7;8.6;8.8;8.8;8.6;8.9;9.8;9.4;9.4;10.4;10.5;10.7;9.8;..;..
Armenia;..;..;..;..;..;..;..;..;..;..;;..;..;..;..;..;..;..;..;..;..;..;..;..;..;..;..;..;..;..;..;2.1;2.3;6.7;12.9;17.8;9.3;12.5;10.1;9.4;8.4;7.2;5.4;8.9;9.8;8.7;6.5;7.7;7.0;6.4;7.8;9.4;8.0;6.6;6.8;7.1;10.7;13.2;12.6;11.1;10.3;8.4;..;..
Aruba;..;..;..;..;..;..;..;..;..;..;;..;..;..;..;..;..;..;..;..;..;..;..;..;..;..;..;..;..;..;..;0.3;0.2;0.2;0.2;0.2;0.2;0.2;0.2;0.2;0.2;0.2;0.2;0.2;0.2;0.2;0.2;0.2;0.2;0.2;0.3;5.5;5.7;6.9;6.9;6.9;6.7;7.0;6.7;8.3;8.2;8.7;8.5;..
Australia;..;..;..;..;..;..;..;..;..;..;;..;..;..;..;..;..;..;..;..;..;..;..;..;..;..;..;..;..;..;..;8.0;8.3;7.5;8.6;8.3;8.2;8.9;9.1;8.6;8.5;8.4;8.4;8.7;7.2;6.7;6.7;6.9;7.0;6.8;7.2;8.2;8.3;8.3;9.2;9.3;9.3;9.4;9.7;9.6;10.1;10.9;..;..
Austria;..;..;..;..;..;..;..;..;..;..;;..;..;..;..;..;..;..;..;..;..;..;..;..;..;..;..;..;..;..;..;25.2;24.5;26.2;26.4;25.7;25.7;24.1;24.9;24.5;26.5;26.4;25.5;24.7;22.6;23.2;24.4;26.6;29.0;29.7;31.3;31.2;31.6;34.4;34.6;35.7;34.8;34.6;34.0;34.1;34.0;35.8;..;..
Azerbaijan;..;..;..;..;..;..;..;..;..;..;;..;..;..;..;..;..;..;..;..;..;..;..;..;..;..;..;..;..;..;..;0.7;0.8;1.2;2.0;1.5;1.4;1.7;2.0;2.5;2.1;2.1;1.8;2.4;2.9;3.1;3.4;2.9;3.8;3.1;3.3;4.5;3.6;2.8;2.5;2.1;2.3;1.9;1.9;1.9;1.6;1.2;..;..
Bahamas, The;..;..;..;..;..;..;..;..;..;..;;..;..;..;..;..;..;..;..;..;..;..;..;..;..;..;..;..;..;..;..;0.0;0.0;0.0;0.0;0.0;0.0;0.0;0.0;0.0;0.0;0.0;0.4;0.4;1.5;1.6;1.7;2.0;3.5;2.0;1.5;1.3;1.4;1.4;1.4;1.4;1.5;1.3;1.2;1.2;1.2;1.4;1.3;..
Bahrain;..;..;..;..;..;..;..;..;..;..;;..;..;..;..;..;..;..;..;..;..;..;..;..;..;..;..;..;..;..;..;0.0;0.0;0.0;0.0;0.0;0.0;0.0;0.0;0.0;0.0;0.0;0.0;0.0;0.0;0.0;0.0;0.0;0.0;0.0;0.0;0.0;0.0;0.0;0.0;0.0;0.0;0.0;0.0;0.0;0.0;0.0;..;..
Bangladesh;..;..;..;..;..;..;..;..;..;..;;..;..;..;..;..;..;..;..;..;..;..;..;..;..;..;..;..;..;..;..;71.7;73.2;71.7;70.6;69.0;63.8;62.1;60.0;60.2;60.5;60.2;56.0;54.5;52.6;52.1;50.7;48.7;47.2;45.2;43.1;40.3;38.4;37.4;37.0;35.3;31.1;30.2;28.0;25.8;26.4;28.0;..;..
Barbados;..;..;..;..;..;..;..;..;..;..;;..;..;..;..;..;..;..;..;..;..;..;..;..;..;..;..;..;..;..;..;13.1;12.6;12.0;11.0;10.0;10.4;10.7;9.6;7.4;7.9;7.9;7.7;7.0;6.2;6.3;6.4;6.6;6.4;5.7;6.5;6.4;3.1;3.0;2.4;2.3;2.1;2.4;3.5;4.2;2.8;4.6;4.7;..
Belarus;..;..;..;..;..;..;..;..;..;..;;..;..;..;..;..;..;..;..;..;..;..;..;..;..;..;..;..;..;..;..;0.9;1.0;1.2;1.4;2.3;2.8;3.5;3.8;4.1;4.5;5.7;6.3;6.5;6.3;6.3;6.8;7.2;7.3;7.1;7.4;7.3;7.5;7.2;7.0;6.7;6.8;6.7;7.3;7.2;7.8;8.4;..;..
Belgium;..;..;..;..;..;..;..;..;..;..;;..;..;..;..;..;..;..;..;..;..;..;..;..;..;..;..;..;..;..;..;1.3;1.2;1.2;1.0;0.9;1.3;1.2;1.2;1.3;1.4;1.4;1.6;1.7;1.9;2.0;2.4;2.9;3.4;4.0;4.9;6.3;6.7;7.7;8.3;9.1;9.4;9.2;9.7;10.7;10.2;12.3;..;..
Belize;..;..;..;..;..;..;..;..;..;..;;..;..;..;..;..;..;..;..;..;..;..;..;..;..;..;..;..;..;..;..;38.0;32.4;36.3;35.6;34.1;34.9;42.7;36.7;35.3;35.9;34.6;29.6;31.2;30.2;32.0;31.0;36.8;32.3;34.1;29.2;32.9;44.4;50.1;41.0;37.4;30.3;33.3;37.2;35.5;30.4;30.2;31.4;..
Benin;..;..;..;..;..;..;..;..;..;..;;..;..;..;..;..;..;..;..;..;..;..;..;..;..;..;..;..;..;..;..;93.7;95.0;94.9;95.0;95.0;94.8;84.2;80.6;79.6;76.9;70.3;66.9;64.0;61.7;60.7;59.2;57.3;54.5;54.8;52.8;47.2;48.7;50.3;52.0;51.1;49.9;45.4;45.4;44.0;46.5;46.2;..;..
Bermuda;..;..;..;..;..;..;..;..;..;..;;..;..;..;..;..;..;..;..;..;..;..;..;..;..;..;..;..;..;..;..;0.0;0.0;0.0;0.0;0.0;0.3;0.4;0.4;0.4;0.5;0.5;0.5;0.5;0.5;0.5;0.5;0.4;0.5;0.5;0.4;0.4;0.4;0.4;1.5;0.4;0.6;1.1;0.6;0.7;0.8;1.0;0.9;..
Bhutan;..;..;..;..;..;..;..;..;..;..;;..;..;..;..;..;..;..;..;..;..;..;..;..;..;..;..;..;..;..;..;95.9;95.9;95.3;95.9;95.3;94.4;93.2;91.4;91.5;91.6;91.4;91.8;91.2;91.9;93.5;91.7;91.9;92.1;91.8;92.4;90.8;89.0;87.3;86.7;86.5;86.7;85.0;83.6;82.6;82.9;88.4;87.5;..
Bolivia;..;..;..;..;..;..;..;..;..;..;;..;..;..;..;..;..;..;..;..;..;..;..;..;..;..;..;..;..;..;..;37.0;38.1;36.9;36.9;35.2;33.2;32.4;32.0;30.6;30.8;29.8;29.6;28.7;27.5;26.3;25.1;23.7;22.1;21.3;20.6;19.9;18.1;17.4;16.0;15.0;14.2;13.6;14.3;14.3;13.5;16.9;..;..
Bosnia and Herzegovina;..;..;..;..;..;..;..;..;..;..;;..;..;..;..;..;..;..;..;..;..;..;..;..;..;..;..;..;..;..;..;7.3;8.8;11.6;14.6;33.4;33.2;32.9;27.6;26.7;28.4;19.4;20.3;21.2;20.1;20.1;19.7;18.1;14.8;14.3;17.4;19.6;14.2;15.3;19.5;23.7;25.3;23.0;18.5;35.4;36.8;37.7;..;..
Botswana;..;..;..;..;..;..;..;..;..;..;;..;..;..;..;..;..;..;..;..;..;..;..;..;..;..;..;..;..;..;..;49.0;49.5;46.1;47.3;49.8;48.9;46.4;45.8;39.2;41.6;38.5;37.5;36.1;36.2;34.3;33.0;31.4;29.0;27.9;28.3;29.4;28.4;27.6;26.4;25.4;25.6;26.1;26.1;25.1;25.7;27.2;..;..
Brazil;..;..;..;..;..;..;..;..;..;..;;..;..;..;..;..;..;..;..;..;..;..;..;..;..;..;..;..;..;..;..;49.8;48.9;48.7;48.2;48.3;46.1;44.5;43.7;43.8;44.0;42.7;41.3;42.9;45.1;45.2;46.1;46.7;47.2;47.0;48.9;46.8;45.3;43.5;42.3;41.7;43.6;45.5;45.3;47.0;47.6;50.1;..;..
British Virgin Islands;..;..;..;..;..;..;..;..;..;..;;..;..;..;..;..;..;..;..;..;..;..;..;..;..;..;..;..;..;..;..;1.3;1.4;1.1;1.2;1.1;1.1;1.0;1.0;1.0;0.9;0.9;0.9;0.8;0.8;0.8;0.8;0.7;0.7;0.7;0.7;0.7;0.9;0.9;1.0;1.0;1.0;1.0;1.2;1.2;1.3;1.4;1.4;..
Brunei Darussalam;..;..;..;..;..;..;..;..;..;..;;..;..;..;..;..;..;..;..;..;..;..;..;..;..;..;..;..;..;..;..;0.7;0.4;0.2;0.0;0.0;0.0;0.0;0.0;0.0;0.0;0.0;0.0;0.0;0.0;0.0;0.0;0.0;0.0;0.0;0.0;0.0;0.0;0.0;0.0;0.0;0.0;0.0;0.0;0.0;0.0;0.0;..;..
Bulgaria;..;..;..;..;..;..;..;..;..;..;;..;..;..;..;..;..;..;..;..;..;..;..;..;..;..;..;..;..;..;..;1.8;2.2;2.6;2.4;2.3;3.0;3.5;3.8;5.8;6.6;8.0;7.2;8.7;9.2;9.6;9.8;10.0;8.9;9.9;11.6;14.3;13.2;15.6;18.2;17.2;17.9;17.7;17.1;19.6;19.3;21.1;..;..
Burkina Faso;..;..;..;..;..;..;..;..;..;..;;..;..;..;..;..;..;..;..;..;..;..;..;..;..;..;..;..;..;..;..;89.1;89.2;89.1;89.2;89.2;88.7;87.9;86.8;86.3;86.9;85.4;85.5;85.4;85.3;85.3;87.7;85.9;84.3;84.4;84.8;82.8;82.0;78.8;77.1;76.8;74.6;74.1;71.1;69.1;67.2;67.5;68.0;..
Burundi;..;..;..;..;..;..;..;..;..;..;;..;..;..;..;..;..;..;..;..;..;..;..;..;..;..;..;..;..;..;..;94.6;93.5;94.3;94.0;93.9;93.7;93.5;93.4;93.3;93.8;93.2;94.8;94.7;95.8;96.0;96.0;95.3;95.3;95.2;95.2;92.6;91.7;91.5;91.1;91.3;91.2;89.6;88.2;85.7;84.8;83.5;83.3;..
Cabo Verde;..;..;..;..;..;..;..;..;..;..;;..;..;..;..;..;..;..;..;..;..;..;..;..;..;..;..;..;..;..;..;21.1;26.3;26.3;30.4;32.4;30.8;30.2;30.5;30.0;26.9;27.9;26.0;26.0;24.8;24.4;23.9;21.2;21.0;23.8;22.1;21.2;20.8;24.3;25.9;26.1;26.4;26.3;24.7;23.1;22.4;23.4;23.2;..
Cambodia;..;..;..;..;..;..;..;..;..;..;;..;..;..;..;..;..;..;..;..;..;..;..;..;..;..;..;..;..;..;..;..;..;..;..;..;82.5;82.5;82.2;81.3;81.5;81.6;80.5;81.0;79.9;80.7;79.2;78.0;74.8;74.1;68.0;64.8;64.0;64.4;65.0;63.7;60.6;58.0;56.3;58.2;53.1;51.4;..;..
Cameroon;..;..;..;..;..;..;..;..;..;..;;..;..;..;..;..;..;..;..;..;..;..;..;..;..;..;..;..;..;..;..;81.6;83.2;84.4;83.9;83.6;84.5;84.9;84.7;84.5;86.2;84.6;85.3;85.3;85.3;85.5;86.3;85.5;80.8;80.8;79.2;78.7;78.6;78.6;77.7;76.9;78.1;78.8;79.2;78.6;78.8;78.9;..;..
Canada;..;..;..;..;..;..;..;..;..;..;;..;..;..;..;..;..;..;..;..;..;..;..;..;..;..;..;..;..;..;..;22.5;22.7;22.4;22.3;22.1;22.4;22.0;21.8;22.0;22.2;22.0;21.5;21.8;21.2;21.6;21.3;21.2;21.3;21.3;21.9;21.1;21.2;21.4;21.8;21.8;21.8;21.6;22.4;21.9;22.5;23.9;..;..
Cayman Islands;..;..;..;..;..;..;..;..;..;..;;..;..;..;..;..;..;..;..;..;..;..;..;..;..;..;..;..;..;..;..;0.0;0.0;0.0;0.0;0.0;0.0;0.0;0.0;0.0;0.0;0.0;0.0;0.0;0.0;0.0;0.0;0.0;0.0;0.0;0.0;0.0;0.0;0.0;0.0;0.0;0.0;0.0;0.0;0.0;0.0;0.0;0.0;..
Central African Republic;..;..;..;..;..;..;..;..;..;..;;..;..;..;..;..;..;..;..;..;..;..;..;..;..;..;..;..;..;..;..;93.9;94.1;94.1;93.8;93.2;93.1;91.7;91.9;89.0;89.0;88.9;88.9;89.2;90.3;90.6;91.0;90.8;90.9;93.6;93.9;93.8;93.3;93.1;95.1;94.8;92.9;92.1;91.6;91.4;91.3;90.9;90.5;..
Chad;..;..;..;..;..;..;..;..;..;..;;..;..;..;..;..;..;..;..;..;..;..;..;..;..;..;..;..;..;..;..;89.5;89.3;89.2;89.5;89.3;89.2;89.0;88.9;88.9;88.7;88.7;88.6;88.5;83.9;84.0;83.8;83.7;82.4;79.9;79.4;79.2;80.7;76.1;72.6;72.5;72.7;72.7;72.8;73.1;72.8;73.6;73.7;..
Channel Islands;..;..;..;..;..;..;..;..;..;..;;..;..;..;..;..;..;..;..;..;..;..;..;..;..;..;..;..;..;..;..;..;..;..;..;..;..;..;..;..;..;..;..;..;..;..;..;..;..;..;..;..;..;..;..;..;..;..;..;..;..;..;..;..
Chile;..;..;..;..;..;..;..;..;..;..;;..;..;..;..;..;..;..;..;..;..;..;..;..;..;..;..;..;..;..;..;34.0;37.3;38.6;35.8;34.8;34.2;32.2;30.0;29.8;29.1;31.4;32.2;33.1;31.6;31.4;32.3;32.9;30.5;30.8;31.5;27.0;28.8;30.3;30.2;27.0;25.1;24.6;24.1;25.5;25.3;26.7;..;..
China;..;..;..;..;..;..;..;..;..;..;;..;..;..;..;..;..;..;..;..;..;..;..;..;..;..;..;..;..;..;..;33.9;33.1;32.8;31.5;31.1;29.4;30.5;30.0;29.5;30.3;29.6;28.4;27.0;23.9;20.2;17.4;16.4;14.9;14.1;13.4;12.3;11.3;11.5;11.5;11.9;12.2;12.6;13.1;13.6;14.3;14.8;..;..
Colombia;..;..;..;..;..;..;..;..;..;..;;..;..;..;..;..;..;..;..;..;..;..;..;..;..;..;..;..;..;..;..;38.1;36.8;33.1;33.0;33.8;33.5;33.6;25.7;25.8;29.0;27.9;27.1;28.6;30.6;29.0;28.9;29.6;30.3;29.9;30.8;29.6;28.7;28.8;32.1;32.2;31.5;30.6;32.4;30.6;31.5;31.3;..;..
Comoros;..;..;..;..;..;..;..;..;..;..;;..;..;..;..;..;..;..;..;..;..;..;..;..;..;..;..;..;..;..;..;74.0;73.4;73.6;73.1;73.3;73.0;73.4;72.9;71.5;71.1;69.9;69.5;70.3;64.4;63.5;65.7;61.8;74.4;73.4;68.5;66.0;69.0;67.5;62.2;65.8;64.1;60.4;56.3;54.6;53.0;48.3;39.1;..
Congo, Dem. Rep.;..;..;..;..;..;..;..;..;..;..;;..;..;..;..;..;..;..;..;..;..;..;..;..;..;..;..;..;..;..;..;92.1;95.1;95.9;96.1;96.6;96.9;97.0;97.1;96.9;97.0;97.9;98.3;98.3;98.0;97.9;97.4;97.3;97.2;97.0;97.0;96.8;96.2;95.5;93.9;92.9;95.8;97.0;96.7;96.4;96.3;96.2;..;..
Congo, Rep.;..;..;..;..;..;..;..;..;..;..;;..;..;..;..;..;..;..;..;..;..;..;..;..;..;..;..;..;..;..;..;65.4;64.6;67.6;68.4;76.5;69.8;75.4;80.2;79.7;77.0;64.9;61.2;68.5;62.0;63.0;63.1;69.4;60.3;56.9;56.0;54.8;64.6;65.3;62.5;62.3;64.2;67.6;69.8;70.5;70.0;71.9;..;..
Costa Rica;..;..;..;..;..;..;..;..;..;..;;..;..;..;..;..;..;..;..;..;..;..;..;..;..;..;..;..;..;..;..;45.4;44.7;35.1;36.3;35.8;35.0;36.6;33.6;28.9;29.9;33.0;32.1;32.5;33.3;39.2;41.7;42.4;41.2;40.7;40.7;40.4;38.0;38.1;37.8;37.6;38.3;34.1;33.3;33.1;33.4;36.4;..;..
Cote d'Ivoire;..;..;..;..;..;..;..;..;..;..;;..;..;..;..;..;..;..;..;..;..;..;..;..;..;..;..;..;..;..;..;73.6;74.0;74.6;75.1;75.6;74.9;74.0;72.1;73.5;61.9;63.7;64.7;65.3;70.3;75.4;77.9;74.8;76.3;74.2;73.7;75.4;79.1;74.9;72.2;71.9;64.5;64.0;62.5;63.0;62.4;63.3;..;..
Croatia;..;..;..;..;..;..;..;..;..;..;;..;..;..;..;..;..;..;..;..;..;..;..;..;..;..;..;..;..;..;..;21.7;32.9;29.7;29.8;30.0;30.3;34.3;29.2;28.1;27.8;26.8;26.9;24.6;24.8;26.6;26.8;25.5;22.7;24.1;27.2;29.8;27.2;29.4;32.8;33.6;33.1;31.8;29.8;32.8;31.6;32.4;..;..
Cuba;..;..;..;..;..;..;..;..;..;..;;..;..;..;..;..;..;..;..;..;..;..;..;..;..;..;..;..;..;..;..;42.9;47.2;51.3;46.9;45.8;41.3;41.4;36.8;34.8;33.7;34.4;34.1;34.8;33.6;33.8;26.3;22.0;18.6;18.7;19.0;15.6;19.2;19.4;18.2;23.2;21.2;19.2;22.0;24.0;23.1;23.9;..;..
Curacao;..;..;..;..;..;..;..;..;..;..;;..;..;..;..;..;..;..;..;..;..;..;..;..;..;..;..;..;..;..;..;0.0;0.0;0.0;0.1;0.1;0.1;0.1;0.1;0.1;0.1;0.1;0.6;0.6;0.6;0.6;0.6;0.6;0.6;0.5;0.5;0.5;0.5;0.6;1.1;1.4;1.3;1.4;1.9;2.6;2.5;2.8;..;..
Cyprus;..;..;..;..;..;..;..;..;..;..;;..;..;..;..;..;..;..;..;..;..;..;..;..;..;..;..;..;..;..;..;0.5;0.4;0.3;0.3;0.7;3.3;3.3;3.3;3.2;3.2;3.1;3.0;3.2;3.2;3.3;3.3;3.5;4.3;5.5;6.3;6.5;7.6;8.6;9.7;9.5;10.4;10.3;10.9;12.0;12.0;15.0;..;..
Czechia;..;..;..;..;..;..;..;..;..;..;;..;..;..;..;..;..;..;..;..;..;..;..;..;..;..;..;..;..;..;..;3.6;4.0;5.9;5.8;5.9;5.3;5.2;5.7;6.0;6.5;5.9;6.3;7.3;6.7;7.1;7.5;7.9;8.3;9.0;10.3;11.0;12.2;12.8;14.0;14.9;14.8;14.8;14.5;14.7;15.9;17.0;..;..
Denmark;..;..;..;..;..;..;..;..;..;..;;..;..;..;..;..;..;..;..;..;..;..;..;..;..;..;..;..;..;..;..;7.1;7.1;7.8;7.7;7.3;7.5;7.3;8.1;8.5;9.1;10.7;11.1;11.9;12.7;14.4;16.1;15.3;17.7;18.5;19.3;21.2;23.8;26.9;27.1;30.2;32.5;32.0;35.0;34.6;37.3;39.7;..;..
Djibouti;..;..;..;..;..;..;..;..;..;..;;..;..;..;..;..;..;..;..;..;..;..;..;..;..;..;..;..;..;..;..;29.7;30.1;30.3;31.2;32.4;32.2;34.0;32.0;29.6;29.6;31.4;31.7;32.4;32.9;33.6;33.1;33.0;32.5;33.1;34.4;32.5;34.6;34.1;34.4;30.9;28.2;25.1;24.4;26.3;27.0;31.9;30.9;..
Dominica;..;..;..;..;..;..;..;..;..;..;;..;..;..;..;..;..;..;..;..;..;..;..;..;..;..;..;..;..;..;..;14.6;14.5;14.5;13.4;13.1;15.7;20.9;15.5;15.0;14.1;11.1;9.4;13.6;10.6;11.4;10.0;9.8;7.8;8.0;7.5;10.3;13.8;11.3;11.4;9.9;8.7;10.7;9.7;8.2;7.9;8.3;8.3;..
Dominican Republic;..;..;..;..;..;..;..;..;..;..;;..;..;..;..;..;..;..;..;..;..;..;..;..;..;..;..;..;..;..;..;28.0;28.2;25.4;26.9;24.4;22.3;20.3;18.3;20.4;19.9;19.1;18.9;17.9;18.9;20.7;19.4;18.0;17.9;17.7;17.3;16.9;16.8;16.5;16.6;17.3;14.9;15.3;16.9;16.0;14.9;16.7;..;..
Ecuador;..;..;..;..;..;..;..;..;..;..;;..;..;..;..;..;..;..;..;..;..;..;..;..;..;..;..;..;..;..;..;24.2;24.2;20.8;21.6;20.9;20.4;19.3;16.5;18.2;19.6;19.4;17.1;17.1;16.6;16.7;16.2;14.2;15.9;15.3;12.9;11.8;13.2;13.2;11.9;12.2;13.1;14.8;17.1;16.3;17.7;20.1;..;..
Egypt, Arab Rep.;..;..;..;..;..;..;..;..;..;..;;..;..;..;..;..;..;..;..;..;..;..;..;..;..;..;..;..;..;..;..;9.0;9.4;9.1;9.2;10.0;9.4;9.0;8.6;8.5;8.8;8.3;7.8;7.4;7.5;7.6;6.5;6.2;6.1;5.9;5.7;5.4;5.4;5.3;5.3;5.4;5.3;5.1;4.9;5.0;6.2;6.5;..;..
El Salvador;..;..;..;..;..;..;..;..;..;..;;..;..;..;..;..;..;..;..;..;..;..;..;..;..;..;..;..;..;..;..;67.1;64.7;61.7;59.3;57.2;54.7;56.9;53.0;51.7;51.0;33.5;33.1;34.0;33.9;33.3;34.1;34.8;28.2;31.5;32.2;32.6;29.5;30.3;27.5;24.0;21.0;20.7;25.0;23.2;19.4;23.7;..;..
Equatorial Guinea;..;..;..;..;..;..;..;..;..;..;;..;..;..;..;..;..;..;..;..;..;..;..;..;..;..;..;..;..;..;..;84.7;83.9;83.9;81.3;80.6;78.7;73.5;63.6;58.2;54.6;45.9;46.1;31.3;29.5;7.2;7.1;7.0;8.5;7.2;9.2;5.7;5.6;4.4;3.7;4.9;5.5;4.8;4.2;5.9;8.1;7.0;6.0;..
Eritrea;..;..;..;..;..;..;..;..;..;..;;..;..;..;..;..;..;..;..;..;..;..;..;..;..;..;..;..;..;..;..;..;..;89.9;83.6;80.1;77.9;76.4;77.6;75.0;76.1;76.8;74.9;74.7;75.1;69.8;74.7;77.3;79.1;81.4;81.7;80.9;77.1;78.4;79.7;80.5;81.2;81.4;81.6;80.8;80.6;80.9;..;..
Estonia;..;..;..;..;..;..;..;..;..;..;;..;..;..;..;..;..;..;..;..;..;..;..;..;..;..;..;..;..;..;..;3.5;3.6;5.9;6.6;11.1;17.9;20.1;20.1;17.9;20.0;19.8;18.9;19.3;19.9;20.0;18.9;17.2;18.7;20.5;24.2;25.3;25.2;25.0;24.5;25.3;28.2;27.2;27.5;28.6;31.3;40.0;..;..
Eswatini;..;..;..;..;..;..;..;..;..;..;;..;..;..;..;..;..;..;..;..;..;..;..;..;..;..;..;..;..;..;..;62.2;61.8;63.2;62.2;55.3;54.7;63.0;55.0;56.8;56.0;59.4;61.2;63.7;65.6;65.6;66.6;71.4;71.4;72.7;70.8;72.4;72.5;71.4;69.7;71.7;71.7;69.6;65.4;65.7;65.5;66.0;68.8;..
Ethiopia;..;..;..;..;..;..;..;..;..;..;;..;..;..;..;..;..;..;..;..;..;..;..;..;..;..;..;..;..;..;..;96.3;96.4;97.5;96.9;96.6;96.3;96.0;95.9;95.7;95.8;95.6;94.6;94.5;94.2;94.1;94.7;94.5;94.2;94.1;94.2;94.1;93.6;93.2;92.4;91.2;91.5;90.4;90.2;89.7;89.5;89.5;..;..
Faroe Islands;..;..;..;..;..;..;..;..;..;..;;..;..;..;..;..;..;..;..;..;..;..;..;..;..;..;..;..;..;..;..;2.5;2.7;3.1;3.1;3.2;3.2;2.7;3.3;3.1;2.8;2.8;2.6;3.4;3.1;3.4;3.8;4.3;4.5;4.5;5.1;3.4;5.0;4.7;4.5;6.5;7.5;6.3;6.0;5.9;5.4;5.3;5.3;..
Fiji;..;..;..;..;..;..;..;..;..;..;;..;..;..;..;..;..;..;..;..;..;..;..;..;..;..;..;..;..;..;..;57.1;55.5;56.2;57.6;61.9;58.4;57.3;51.6;45.4;54.2;50.1;40.4;49.0;40.8;35.7;40.0;39.1;36.0;42.1;41.6;28.0;33.4;33.3;32.8;33.2;32.7;27.7;28.6;25.8;26.5;31.8;29.8;..
Finland;..;..;..;..;..;..;..;..;..;..;;..;..;..;..;..;..;..;..;..;..;..;..;..;..;..;..;..;..;..;..;24.5;24.0;25.1;26.0;25.1;27.3;26.9;28.8;30.5;30.2;31.7;29.3;29.5;28.4;31.1;31.5;31.3;31.8;34.6;32.5;33.4;35.1;38.7;38.5;41.3;43.2;42.4;44.5;44.3;45.6;47.5;..;..
France;..;..;..;..;..;..;..;..;..;..;;..;..;..;..;..;..;..;..;..;..;..;..;..;..;..;..;..;..;..;..;10.5;11.1;11.4;11.0;11.1;10.8;10.6;10.1;9.8;9.9;9.3;9.5;8.7;8.9;9.0;8.7;8.5;9.5;10.6;11.3;12.0;10.7;12.4;13.4;13.2;13.3;14.3;14.1;15.2;15.5;16.9;..;..
French Polynesia;..;..;..;..;..;..;..;..;..;..;;..;..;..;..;..;..;..;..;..;..;..;..;..;..;..;..;..;..;..;..;4.3;4.3;6.9;7.2;6.8;8.3;7.4;7.4;10.1;7.1;8.8;6.7;6.2;7.2;7.7;8.0;10.1;9.8;9.3;9.3;7.5;6.9;6.6;6.5;7.5;7.8;8.1;8.1;7.7;7.7;8.1;7.4;..
Gabon;..;..;..;..;..;..;..;..;..;..;;..;..;..;..;..;..;..;..;..;..;..;..;..;..;..;..;..;..;..;..;78.3;75.2;74.8;73.8;72.9;72.0;71.5;70.0;69.7;71.4;72.8;72.4;79.8;83.6;85.8;85.3;86.2;87.4;87.3;87.9;85.8;79.7;75.5;82.2;81.3;81.9;80.9;90.1;90.1;89.8;90.1;..;..
Gambia, The;..;..;..;..;..;..;..;..;..;..;;..;..;..;..;..;..;..;..;..;..;..;..;..;..;..;..;..;..;..;..;62.0;62.3;63.5;63.3;61.6;60.2;59.7;58.7;57.5;56.3;62.9;59.6;61.0;62.4;61.3;61.7;60.2;57.3;56.3;53.9;56.6;56.2;57.0;59.3;53.2;49.0;48.6;48.0;48.1;47.3;49.7;48.7;..
Georgia;..;..;..;..;..;..;..;..;..;..;;..;..;..;..;..;..;..;..;..;..;..;..;..;..;..;..;..;..;..;..;12.8;14.1;18.5;26.0;22.7;46.4;42.8;44.4;47.5;49.7;47.3;53.2;56.8;55.3;54.5;41.5;37.2;36.2;36.3;36.7;39.2;31.5;28.7;32.4;30.7;27.5;27.2;27.5;27.4;24.7;23.5;..;..
Germany;..;..;..;..;..;..;..;..;..;..;;..;..;..;..;..;..;..;..;..;..;..;..;..;..;..;..;..;..;..;..;2.1;2.0;2.1;2.1;2.3;2.3;2.3;2.8;3.1;3.3;3.7;3.9;4.4;5.4;6.3;7.3;8.6;10.5;10.3;10.7;11.6;12.5;13.6;13.6;14.0;14.6;14.2;15.2;16.0;17.1;18.6;..;..
Ghana;..;..;..;..;..;..;..;..;..;..;;..;..;..;..;..;..;..;..;..;..;..;..;..;..;..;..;..;..;..;..;80.6;82.9;81.0;81.3;80.6;79.8;78.8;78.3;73.6;72.8;71.6;69.3;65.7;64.5;62.4;61.4;58.6;54.5;57.3;51.9;51.9;50.1;46.5;46.2;47.7;44.0;45.2;45.3;42.1;42.6;40.3;..;..
Gibraltar;..;..;..;..;..;..;..;..;..;..;;..;..;..;..;..;..;..;..;..;..;..;..;..;..;..;..;..;..;..;..;0.0;0.0;0.0;0.0;0.0;0.0;0.0;0.0;0.0;0.0;0.0;0.0;0.0;0.0;0.0;0.0;0.0;0.0;0.0;0.0;0.0;0.0;0.0;0.0;0.0;0.0;0.0;0.0;0.0;0.0;0.0;..;..
Greece;..;..;..;..;..;..;..;..;..;..;;..;..;..;..;..;..;..;..;..;..;..;..;..;..;..;..;..;..;..;..;7.8;8.3;7.9;8.0;8.0;8.3;8.2;8.0;7.6;8.0;7.8;7.1;7.3;7.6;7.9;8.0;8.5;8.1;8.3;9.2;11.4;11.4;14.2;16.6;16.4;17.5;16.4;16.4;17.9;18.5;20.1;..;..
Greenland;..;..;..;..;..;..;..;..;..;..;;..;..;..;..;..;..;..;..;..;..;..;..;..;..;..;..;..;..;..;..;0.5;0.5;0.6;5.3;11.2;10.7;10.5;9.2;9.4;9.4;9.2;8.7;9.5;9.5;6.7;7.0;7.1;6.9;6.9;8.8;10.1;10.2;10.1;11.2;12.5;13.1;12.4;11.4;11.3;10.8;11.5;11.8;..
Grenada;..;..;..;..;..;..;..;..;..;..;;..;..;..;..;..;..;..;..;..;..;..;..;..;..;..;..;..;..;..;..;8.3;8.1;7.7;8.1;7.4;7.4;6.2;8.3;10.2;10.3;10.5;10.4;10.5;10.4;10.6;10.6;10.4;9.9;10.7;10.5;10.5;11.3;11.4;10.9;11.3;11.1;11.4;11.5;10.7;10.4;10.4;10.0;..
Guam;..;..;..;..;..;..;..;..;..;..;;..;..;..;..;..;..;..;..;..;..;..;..;..;..;..;..;..;..;..;..;0.5;0.5;0.5;0.4;0.4;0.4;0.4;0.4;0.4;0.4;0.4;0.4;0.5;0.5;0.5;0.5;0.5;0.5;0.5;0.5;0.5;0.5;0.5;0.5;0.5;1.8;3.5;3.5;3.5;3.5;3.6;3.6;..
Guatemala;..;..;..;..;..;..;..;..;..;..;;..;..;..;..;..;..;..;..;..;..;..;..;..;..;..;..;..;..;..;..;75.0;74.2;72.2;69.8;68.3;65.0;65.6;65.1;62.0;64.5;62.7;61.3;63.8;64.3;66.1;65.2;64.7;63.3;66.5;65.3;67.1;67.1;67.4;67.2;66.3;63.3;63.2;65.0;64.0;62.8;65.5;..;..
Guinea;..;..;..;..;..;..;..;..;..;..;;..;..;..;..;..;..;..;..;..;..;..;..;..;..;..;..;..;..;..;..;89.5;89.6;86.6;86.2;86.0;90.0;88.8;85.2;84.3;86.3;85.5;84.8;84.3;83.5;83.2;81.6;81.1;80.4;80.2;79.3;75.7;74.8;76.4;78.5;78.6;76.2;75.3;72.0;73.2;68.3;65.8;65.5;..
Guinea-Bissau;..;..;..;..;..;..;..;..;..;..;;..;..;..;..;..;..;..;..;..;..;..;..;..;..;..;..;..;..;..;..;88.6;88.6;88.5;88.0;88.5;88.6;89.4;88.4;89.0;88.1;91.2;91.2;91.0;89.1;88.6;88.5;88.3;87.9;88.4;87.9;87.8;87.9;87.8;87.7;87.3;87.2;86.8;86.8;86.6;86.2;87.2;87.3;..
Guyana;..;..;..;..;..;..;..;..;..;..;;..;..;..;..;..;..;..;..;..;..;..;..;..;..;..;..;..;..;..;..;55.1;41.6;43.2;43.1;32.3;31.0;29.0;27.4;27.6;26.6;30.6;31.2;34.4;34.8;35.7;34.9;37.0;33.3;32.7;31.6;31.0;33.1;29.0;26.9;24.0;25.0;21.3;22.1;16.8;11.3;12.0;12.0;..
Haiti;..;..;..;..;..;..;..;..;..;..;;..;..;..;..;..;..;..;..;..;..;..;..;..;..;..;..;..;..;..;..;87.2;87.5;87.7;89.4;96.7;87.0;86.0;84.6;83.3;82.0;80.9;80.9;79.1;79.0;81.1;81.1;81.4;79.3;79.6;80.3;79.0;79.0;82.2;80.4;77.8;76.1;76.1;76.2;76.3;76.4;76.3;..;..
Honduras;..;..;..;..;..;..;..;..;..;..;;..;..;..;..;..;..;..;..;..;..;..;..;..;..;..;..;..;..;..;..;70.1;70.2;67.8;66.7;64.0;63.0;62.6;65.4;62.9;53.9;55.2;50.4;49.8;47.9;46.7;51.4;52.2;50.6;50.0;50.5;53.6;50.9;49.4;51.1;52.2;50.7;52.7;45.6;48.8;46.2;50.1;..;..
Hong Kong SAR, China;..;..;..;..;..;..;..;..;..;..;;..;..;..;..;..;..;..;..;..;..;..;..;..;..;..;..;..;..;..;..;0.2;0.2;0.2;0.2;0.2;0.1;0.2;0.1;0.1;0.1;0.1;0.1;0.1;0.1;0.1;0.1;0.1;0.1;0.1;0.1;0.2;0.5;0.2;0.3;0.2;0.2;0.2;0.2;0.2;0.2;0.3;..;..
Hungary;..;..;..;..;..;..;..;..;..;..;;..;..;..;..;..;..;..;..;..;..;..;..;..;..;..;..;..;..;..;..;3.9;4.3;4.9;5.1;5.1;5.4;5.1;5.2;5.2;5.2;5.2;5.1;5.2;5.0;4.6;7.3;7.9;9.0;9.0;12.3;13.5;14.7;16.5;17.2;15.7;15.6;15.3;14.6;13.6;13.6;14.8;..;..
Iceland;..;..;..;..;..;..;..;..;..;..;;..;..;..;..;..;..;..;..;..;..;..;..;..;..;..;..;..;..;..;..;54.7;54.8;54.6;54.7;54.1;55.7;52.3;54.9;57.2;59.8;60.7;62.1;61.8;61.9;61.9;62.7;64.2;67.5;73.9;74.6;75.9;77.1;77.7;76.6;77.0;77.8;80.8;80.7;81.3;81.6;82.8;..;..
India;..;..;..;..;..;..;..;..;..;..;;..;..;..;..;..;..;..;..;..;..;..;..;..;..;..;..;..;..;..;..;53.0;52.0;51.5;51.5;50.5;49.5;49.1;47.9;48.0;47.1;46.9;47.1;45.8;45.6;44.9;44.2;43.2;41.5;39.4;37.4;36.2;35.0;34.8;34.9;33.9;33.4;33.0;32.6;32.7;33.3;35.8;..;..
Indonesia;..;..;..;..;..;..;..;..;..;..;;..;..;..;..;..;..;..;..;..;..;..;..;..;..;..;..;..;..;..;..;59.2;58.4;57.5;56.1;53.4;50.7;49.3;47.6;48.9;45.8;45.6;44.3;44.7;43.0;41.5;41.6;40.1;40.0;41.1;38.2;36.0;32.4;30.1;30.6;29.3;26.6;27.8;24.9;22.1;19.8;22.0;..;..
Iran, Islamic Rep.;..;..;..;..;..;..;..;..;..;..;;..;..;..;..;..;..;..;..;..;..;..;..;..;..;..;..;..;..;..;..;1.2;1.2;1.5;1.5;1.1;1.0;1.0;0.9;0.8;0.6;0.4;0.5;0.7;0.8;0.7;1.4;1.4;1.3;0.7;0.8;0.9;0.9;0.9;1.0;0.9;0.9;1.0;1.0;1.0;1.0;1.0;..;..
Iraq;..;..;..;..;..;..;..;..;..;..;;..;..;..;..;..;..;..;..;..;..;..;..;..;..;..;..;..;..;..;..;1.6;0.8;0.5;0.4;0.4;0.4;0.4;0.4;0.4;0.4;0.4;0.4;0.3;0.4;0.4;2.4;2.6;2.0;1.2;1.2;1.7;1.1;1.3;1.5;1.0;0.8;0.9;0.6;0.5;1.0;1.1;..;..
Ireland;..;..;..;..;..;..;..;..;..;..;;..;..;..;..;..;..;..;..;..;..;..;..;..;..;..;..;..;..;..;..;2.3;2.2;2.2;2.1;2.2;1.9;2.0;1.9;2.3;2.1;2.0;2.0;2.3;2.0;2.3;2.9;3.2;3.6;4.2;5.3;5.3;7.0;6.9;7.7;8.8;9.5;8.6;10.1;10.8;12.3;13.7;..;..
Isle of Man;..;..;..;..;..;..;..;..;..;..;;..;..;..;..;..;..;..;..;..;..;..;..;..;..;..;..;..;..;..;..;0.0;0.0;0.0;0.0;0.0;0.0;0.0;0.0;0.0;0.0;0.0;0.0;1.5;1.1;6.3;2.7;3.3;1.9;1.3;1.9;1.9;2.9;3.5;2.1;1.9;2.2;2.0;1.9;2.0;1.9;2.2;2.2;..
Israel;..;..;..;..;..;..;..;..;..;..;;..;..;..;..;..;..;..;..;..;..;..;..;..;..;..;..;..;..;..;..;5.8;6.0;6.2;5.9;5.7;5.4;5.5;5.7;6.1;5.9;6.0;6.3;6.5;6.5;6.7;7.0;6.9;6.7;8.9;8.5;8.6;9.1;2.9;3.3;3.7;3.7;4.0;3.9;3.9;4.5;5.6;..;..
Italy;..;..;..;..;..;..;..;..;..;..;;..;..;..;..;..;..;..;..;..;..;..;..;..;..;..;..;..;..;..;..;3.8;4.7;4.8;4.8;5.3;4.5;4.8;4.8;4.8;5.0;5.1;5.4;5.6;6.2;5.9;6.7;7.5;8.7;10.8;12.5;12.8;11.9;14.4;16.3;17.1;16.6;16.1;16.4;17.1;17.3;18.7;..;..
Jamaica;..;..;..;..;..;..;..;..;..;..;;..;..;..;..;..;..;..;..;..;..;..;..;..;..;..;..;..;..;..;..;12.5;12.4;13.1;14.3;12.6;13.7;12.6;12.9;10.5;10.0;9.4;7.9;8.1;8.2;6.4;5.4;4.8;5.4;6.0;7.5;9.0;9.8;12.2;11.4;11.9;12.1;11.1;11.0;8.9;9.2;11.4;..;..
Japan;..;..;..;..;..;..;..;..;..;..;;..;..;..;..;..;..;..;..;..;..;..;..;..;..;..;..;..;..;..;..;4.3;4.5;4.0;4.2;3.3;3.7;3.6;3.8;3.8;3.7;3.7;3.5;3.7;4.2;4.3;4.0;4.4;4.3;4.4;4.5;4.7;4.8;4.7;5.1;5.6;6.2;6.4;6.9;7.3;7.8;8.5;..;..
Jordan;..;..;..;..;..;..;..;..;..;..;;..;..;..;..;..;..;..;..;..;..;..;..;..;..;..;..;..;..;..;..;2.8;2.9;2.5;2.5;2.3;2.2;2.2;2.1;2.2;2.2;2.1;2.1;2.1;2.0;1.8;1.7;2.3;2.3;2.7;2.8;3.0;3.0;2.9;3.1;3.1;3.2;4.7;5.3;7.2;8.5;11.0;..;..
Kazakhstan;..;..;..;..;..;..;..;..;..;..;;..;..;..;..;..;..;..;..;..;..;..;..;..;..;..;..;..;..;..;..;1.4;1.3;1.2;1.3;1.8;1.6;1.6;1.7;1.5;1.8;2.5;2.4;2.8;2.3;1.9;2.1;2.1;1.8;1.2;1.3;1.4;1.4;1.3;1.2;1.3;1.7;2.1;2.0;1.9;1.9;1.8;..;..
Kenya;..;..;..;..;..;..;..;..;..;..;;..;..;..;..;..;..;..;..;..;..;..;..;..;..;..;..;..;..;..;..;77.2;78.6;79.2;80.0;80.2;79.1;78.3;79.2;79.1;78.9;78.2;79.6;80.1;82.9;81.7;80.7;79.3;79.8;79.9;77.6;76.1;76.8;78.3;76.6;74.3;72.0;71.1;71.0;71.6;71.4;72.5;..;..
Kiribati;..;..;..;..;..;..;..;..;..;..;;..;..;..;..;..;..;..;..;..;..;..;..;..;..;..;..;..;..;..;..;64.0;63.6;63.2;59.3;59.9;59.1;55.3;57.5;59.1;59.8;54.7;56.4;53.1;50.5;50.6;48.5;48.1;48.4;49.7;50.8;50.2;50.6;48.8;46.2;48.0;47.3;48.1;42.7;42.5;42.6;42.8;42.8;..
Korea, Dem. People's Rep.;..;..;..;..;..;..;..;..;..;..;;..;..;..;..;..;..;..;..;..;..;..;..;..;..;..;..;..;..;..;..;7.2;7.5;7.7;8.0;9.0;9.6;10.2;9.6;9.9;9.4;8.7;8.6;9.0;9.3;9.4;9.2;9.0;10.9;10.2;12.4;13.6;18.3;17.8;24.1;21.2;23.3;23.3;12.0;13.2;11.3;12.7;..;..
Korea, Rep.;..;..;..;..;..;..;..;..;..;..;;..;..;..;..;..;..;..;..;..;..;..;..;..;..;..;..;..;..;..;..;1.6;1.0;0.8;0.7;0.4;0.4;0.6;0.7;1.0;0.8;0.7;0.7;0.7;0.9;0.8;0.9;1.0;1.0;1.1;1.2;1.3;1.4;1.6;1.9;2.9;2.7;2.6;2.8;3.2;3.2;3.6;..;..
Kosovo;..;..;..;..;..;..;..;..;..;..;;..;..;..;..;..;..;..;..;..;..;..;..;..;..;..;..;..;..;..;..;..;..;..;..;..;..;..;..;..;..;..;..;..;..;..;..;..;..;..;..;..;..;..;..;..;..;..;..;..;..;..;..;..
Kuwait;..;..;..;..;..;..;..;..;..;..;;..;..;..;..;..;..;..;..;..;..;..;..;..;..;..;..;..;..;..;..;0.2;0.4;0.2;0.1;0.0;0.1;0.1;0.0;0.0;0.0;0.0;0.0;0.0;0.0;0.0;0.0;0.0;0.0;0.0;0.0;0.0;0.0;0.0;0.0;0.0;0.0;0.0;0.0;0.0;0.1;0.1;..;..
Kyrgyz Republic;..;..;..;..;..;..;..;..;..;..;;..;..;..;..;..;..;..;..;..;..;..;..;..;..;..;..;..;..;..;..;7.9;9.0;13.0;16.2;26.5;35.0;29.5;28.8;25.1;34.5;35.2;36.0;28.3;30.5;27.7;28.0;27.8;24.5;22.0;24.7;25.6;26.0;22.5;24.8;26.6;23.5;22.2;24.7;23.4;28.3;30.0;..;..
Lao PDR;..;..;..;..;..;..;..;..;..;..;;..;..;..;..;..;..;..;..;..;..;..;..;..;..;..;..;..;..;..;..;88.4;88.0;87.0;86.7;86.3;85.6;84.9;84.6;86.6;86.6;81.5;81.1;80.2;78.7;74.0;73.9;69.8;70.7;69.3;66.5;64.9;63.6;62.4;58.6;58.3;53.3;51.7;50.6;50.2;48.7;49.9;50.0;..
Latvia;..;..;..;..;..;..;..;..;..;..;;..;..;..;..;..;..;..;..;..;..;..;..;..;..;..;..;..;..;..;..;17.6;18.7;21.6;25.4;28.3;32.4;32.0;32.9;35.4;36.3;35.8;35.4;34.4;34.3;36.1;36.3;34.0;33.1;33.7;38.4;33.1;35.5;40.4;39.6;40.2;38.1;38.5;42.6;41.0;41.5;43.8;..;..
Lebanon;..;..;..;..;..;..;..;..;..;..;;..;..;..;..;..;..;..;..;..;..;..;..;..;..;..;..;..;..;..;..;11.3;8.5;8.0;5.4;5.3;4.4;5.0;4.4;5.5;4.3;4.9;4.7;6.0;7.4;6.6;7.0;7.0;7.9;5.4;4.3;5.7;6.2;5.6;5.9;4.2;4.2;4.0;4.0;4.8;5.1;6.7;..;..
Lesotho;..;..;..;..;..;..;..;..;..;..;;..;..;..;..;..;..;..;..;..;..;..;..;..;..;..;..;..;..;..;..;52.0;52.0;51.4;51.0;50.8;50.8;50.8;50.6;50.6;56.9;56.7;56.5;56.2;55.9;55.4;55.3;55.5;55.3;55.0;54.0;53.0;42.2;40.5;45.6;42.4;44.9;43.6;39.6;40.2;39.5;41.4;32.3;..
Liberia;..;..;..;..;..;..;..;..;..;..;;..;..;..;..;..;..;..;..;..;..;..;..;..;..;..;..;..;..;..;..;89.1;90.1;89.0;87.7;87.1;87.0;87.5;88.1;88.5;90.5;91.3;91.6;91.1;90.4;89.6;87.8;87.6;89.8;91.8;91.8;88.6;87.1;86.2;87.5;91.2;91.9;92.8;93.6;94.4;89.7;93.0;92.9;..
Libya;..;..;..;..;..;..;..;..;..;..;;..;..;..;..;..;..;..;..;..;..;..;..;..;..;..;..;..;..;..;..;3.1;3.0;2.9;2.7;2.4;2.2;2.1;2.1;2.2;2.1;2.0;2.9;2.9;2.9;2.7;2.6;2.8;3.0;2.8;2.5;2.4;3.2;2.7;2.4;2.3;3.1;2.8;3.0;3.0;3.0;3.1;..;..
Liechtenstein;..;..;..;..;..;..;..;..;..;..;;..;..;..;..;..;..;..;..;..;..;..;..;..;..;..;..;..;..;..;..;64.8;59.8;57.7;56.1;56.5;55.0;51.8;53.2;52.6;52.0;54.0;51.6;51.3;50.2;50.3;49.9;50.8;53.4;53.0;55.2;52.3;55.3;55.5;53.5;55.0;55.5;55.8;55.3;56.8;56.1;55.2;55.3;..
Lithuania;..;..;..;..;..;..;..;..;..;..;;..;..;..;..;..;..;..;..;..;..;..;..;..;..;..;..;..;..;..;..;3.1;2.9;4.6;8.9;9.8;10.3;11.5;11.6;12.9;15.0;17.2;17.6;17.9;18.1;18.1;17.5;17.5;17.1;18.3;20.1;21.5;22.7;23.9;26.3;27.7;29.0;31.5;33.8;33.7;33.5;31.7;..;..
Luxembourg;..;..;..;..;..;..;..;..;..;..;;..;..;..;..;..;..;..;..;..;..;..;..;..;..;..;..;..;..;..;..;1.7;1.7;2.0;2.0;2.8;4.0;3.1;4.4;6.7;5.9;6.8;3.4;1.3;1.3;1.4;1.9;2.1;3.6;4.0;3.7;3.7;3.8;4.2;5.7;6.9;9.1;13.5;15.3;16.1;16.5;20.8;..;..
Macao SAR, China;..;..;..;..;..;..;..;..;..;..;;..;..;..;..;..;..;..;..;..;..;..;..;..;..;..;..;..;..;..;..;0.7;0.7;0.6;0.6;0.5;0.5;0.4;0.2;0.2;0.2;0.2;0.8;1.2;2.2;2.2;2.0;2.5;3.4;4.7;3.0;5.5;6.4;11.1;16.6;11.5;5.4;5.4;3.9;8.4;8.4;11.0;13.5;..
Madagascar;..;..;..;..;..;..;..;..;..;..;;..;..;..;..;..;..;..;..;..;..;..;..;..;..;..;..;..;..;..;..;87.2;86.6;86.7;87.0;86.0;86.1;85.5;83.1;82.7;82.7;82.2;84.1;87.2;84.8;84.3;84.9;85.9;86.2;86.4;87.2;86.7;84.5;83.3;81.1;81.7;83.0;83.9;81.3;83.8;82.5;84.8;83.6;..
Malawi;..;..;..;..;..;..;..;..;..;..;;..;..;..;..;..;..;..;..;..;..;..;..;..;..;..;..;..;..;..;..;84.0;82.6;82.7;81.3;82.0;81.7;81.4;81.2;81.9;81.0;82.6;83.1;83.3;82.8;82.5;83.2;82.8;82.2;80.4;80.0;81.2;80.2;80.2;79.8;82.8;81.0;78.9;76.9;73.2;72.1;70.3;75.2;..
Malaysia;..;..;..;..;..;..;..;..;..;..;;..;..;..;..;..;..;..;..;..;..;..;..;..;..;..;..;..;..;..;..;8.4;7.7;7.0;6.8;6.9;6.2;4.9;4.2;4.6;4.9;4.4;4.3;3.6;3.3;3.2;3.0;3.1;2.9;3.0;2.3;2.0;2.2;2.5;2.8;3.0;3.4;4.4;5.2;5.3;5.6;5.8;..;..
Maldives;..;..;..;..;..;..;..;..;..;..;;..;..;..;..;..;..;..;..;..;..;..;..;..;..;..;..;..;..;..;..;4.5;4.5;3.1;3.8;4.0;3.3;3.2;2.7;3.0;2.2;2.3;2.3;1.8;2.2;1.7;2.0;1.6;1.5;1.5;1.5;1.4;1.3;1.2;1.3;1.2;1.4;1.2;1.3;1.1;1.1;1.3;1.0;..
Mali;..;..;..;..;..;..;..;..;..;..;;..;..;..;..;..;..;..;..;..;..;..;..;..;..;..;..;..;..;..;..;87.2;87.6;86.9;86.6;85.6;85.1;85.4;84.6;84.8;84.6;83.5;82.1;83.6;85.8;81.5;82.3;81.7;78.9;75.0;78.7;79.2;78.9;78.7;80.9;80.7;81.1;74.5;71.5;70.6;66.9;63.8;63.8;..
Malta;..;..;..;..;..;..;..;..;..;..;;..;..;..;..;..;..;..;..;..;..;..;..;..;..;..;..;..;..;..;..;0.0;0.0;0.0;0.0;0.0;0.0;0.0;0.0;0.0;0.0;0.0;0.0;0.1;0.1;0.1;0.1;0.2;0.2;0.2;0.3;1.2;2.0;2.7;3.2;4.5;6.0;9.2;7.3;7.6;7.4;9.2;..;..
Marshall Islands;..;..;..;..;..;..;..;..;..;..;;..;..;..;..;..;..;..;..;..;..;..;..;..;..;..;..;..;..;..;..;0.0;0.0;19.3;19.0;19.4;19.4;19.6;19.7;19.6;19.5;19.6;19.1;18.6;18.6;18.4;18.4;17.0;15.2;14.8;14.0;13.7;12.4;12.0;12.4;12.2;11.7;12.1;12.0;12.0;12.1;12.0;12.1;..
Mauritania;..;..;..;..;..;..;..;..;..;..;;..;..;..;..;..;..;..;..;..;..;..;..;..;..;..;..;..;..;..;..;47.0;46.7;46.4;46.1;45.5;45.3;43.9;43.8;46.0;43.9;44.4;44.2;42.1;40.2;38.6;38.8;39.1;35.6;35.8;33.4;34.0;33.3;31.8;35.0;30.9;28.2;31.7;26.5;25.2;25.0;23.8;23.4;..
Mauritius;..;..;..;..;..;..;..;..;..;..;;..;..;..;..;..;..;..;..;..;..;..;..;..;..;..;..;..;..;..;..;47.1;43.4;43.2;38.8;35.4;38.8;35.6;36.5;33.5;21.0;20.4;20.1;17.9;18.9;19.1;17.7;16.4;15.7;12.7;12.8;12.8;12.0;11.5;11.4;10.6;11.5;10.3;9.4;9.2;8.9;9.4;..;..
Mexico;..;..;..;..;..;..;..;..;..;..;;..;..;..;..;..;..;..;..;..;..;..;..;..;..;..;..;..;..;..;..;14.4;13.2;13.4;13.3;11.9;13.3;13.1;12.7;12.2;12.8;12.2;11.3;10.7;10.2;10.2;10.3;9.8;9.5;9.8;9.2;9.4;9.1;9.0;9.2;9.8;9.2;9.2;10.0;10.2;10.3;12.3;..;..
Micronesia, Fed. Sts.;..;..;..;..;..;..;..;..;..;..;;..;..;..;..;..;..;..;..;..;..;..;..;..;..;..;..;..;..;..;..;0.0;0.0;1.0;1.0;0.9;0.8;0.8;0.8;0.8;0.6;1.3;1.4;1.6;0.9;1.0;1.4;1.4;1.2;1.4;1.2;2.0;1.6;1.4;1.4;1.5;1.7;1.9;1.7;2.0;2.0;2.0;2.0;..
Moldova;..;..;..;..;..;..;..;..;..;..;;..;..;..;..;..;..;..;..;..;..;..;..;..;..;..;..;..;..;..;..;1.1;1.6;2.2;2.4;2.6;2.8;3.7;3.9;4.1;4.9;5.7;5.6;5.8;5.9;4.9;4.3;5.0;4.4;4.9;4.8;20.0;20.4;22.1;23.8;24.3;24.7;25.3;26.1;25.8;22.0;23.7;..;..
Monaco;..;..;..;..;..;..;..;..;..;..;;..;..;..;..;..;..;..;..;..;..;..;..;..;..;..;..;..;..;..;..;..;..;..;..;..;..;..;..;..;..;..;..;..;..;..;..;..;..;..;..;..;..;..;..;..;..;..;..;..;..;..;..;..
Mongolia;..;..;..;..;..;..;..;..;..;..;;..;..;..;..;..;..;..;..;..;..;..;..;..;..;..;..;..;..;..;..;1.9;2.0;2.4;2.7;3.0;3.0;3.4;3.4;3.7;3.6;5.7;6.1;6.5;6.1;5.8;5.3;4.5;4.7;4.7;4.4;4.5;4.0;3.0;3.0;3.3;3.6;3.4;3.2;3.3;3.3;4.0;..;..
Montenegro;..;..;..;..;..;..;..;..;..;..;;..;..;..;..;..;..;..;..;..;..;..;..;..;..;..;..;..;..;..;..;..;..;..;..;..;..;..;..;..;..;..;..;..;..;..;47.6;44.8;42.3;38.8;49.2;49.1;42.8;45.9;49.3;46.0;43.0;43.9;37.8;40.6;38.7;39.6;..;..
Morocco;..;..;..;..;..;..;..;..;..;..;;..;..;..;..;..;..;..;..;..;..;..;..;..;..;..;..;..;..;..;..;19.5;19.6;18.1;17.6;17.1;17.2;17.9;17.5;16.9;15.4;15.3;15.1;14.9;15.7;23.0;20.1;18.1;16.5;14.6;14.3;13.9;11.9;10.9;11.6;11.1;11.3;11.1;10.5;10.9;10.6;10.9;..;..
Mozambique;..;..;..;..;..;..;..;..;..;..;;..;..;..;..;..;..;..;..;..;..;..;..;..;..;..;..;..;..;..;..;93.0;94.2;93.0;91.8;93.1;92.8;93.1;92.6;94.0;94.2;93.6;93.0;93.2;92.7;92.9;93.7;93.1;87.5;88.1;86.1;84.9;86.2;85.3;83.9;82.1;80.9;78.3;79.1;79.8;78.3;80.9;..;..
Myanmar;..;..;..;..;..;..;..;..;..;..;;..;..;..;..;..;..;..;..;..;..;..;..;..;..;..;..;..;..;..;..;90.9;91.1;90.8;89.3;88.0;85.2;84.6;85.2;83.4;81.9;80.2;82.5;83.1;79.9;80.3;79.6;81.3;80.5;85.6;85.8;84.9;84.1;78.5;76.0;72.4;70.4;69.3;59.9;59.9;58.9;59.8;..;..
Namibia;..;..;..;..;..;..;..;..;..;..;;..;..;..;..;..;..;..;..;..;..;..;..;..;..;..;..;..;..;..;..;..;42.5;40.3;38.1;32.9;32.1;31.4;30.5;31.7;32.7;34.7;30.3;33.7;33.3;34.8;34.5;35.7;36.5;32.5;33.4;31.2;31.6;31.9;30.7;30.2;29.3;29.2;30.2;30.9;30.2;31.3;..;..
Nauru;..;..;..;..;..;..;..;..;..;..;;..;..;..;..;..;..;..;..;..;..;..;..;..;..;..;..;..;..;..;..;0.0;0.0;0.0;0.0;0.0;0.0;0.0;0.0;0.0;0.0;0.0;0.0;0.0;0.0;0.0;0.0;0.1;0.1;0.1;0.0;0.0;0.1;0.1;0.1;0.1;0.1;0.2;0.6;0.7;0.6;1.4;2.1;..
Nepal;..;..;..;..;..;..;..;..;..;..;;..;..;..;..;..;..;..;..;..;..;..;..;..;..;..;..;..;..;..;..;95.1;94.2;94.2;93.6;92.4;91.7;91.5;90.7;90.5;88.1;88.3;87.8;90.0;89.4;90.3;89.5;91.3;91.3;90.5;88.9;87.3;87.0;84.7;86.1;84.1;85.0;79.2;76.4;74.3;77.2;74.5;..;..
Netherlands;..;..;..;..;..;..;..;..;..;..;;..;..;..;..;..;..;..;..;..;..;..;..;..;..;..;..;..;..;..;..;1.2;1.2;1.2;1.2;1.2;1.3;1.3;1.5;1.6;1.6;1.7;1.8;1.9;1.9;2.2;2.7;3.1;3.7;3.9;4.4;3.9;4.7;4.9;4.9;5.5;5.8;5.6;6.4;7.4;8.6;10.8;..;..
New Caledonia;..;..;..;..;..;..;..;..;..;..;;..;..;..;..;..;..;..;..;..;..;..;..;..;..;..;..;..;..;..;..;10.6;7.9;7.0;5.8;5.8;4.8;7.1;8.0;8.5;9.5;7.5;6.7;5.3;4.9;5.2;5.1;4.5;5.8;7.8;7.0;4.9;5.9;6.2;6.6;4.3;5.1;3.7;5.1;4.6;5.2;6.0;8.3;..
New Zealand;..;..;..;..;..;..;..;..;..;..;;..;..;..;..;..;..;..;..;..;..;..;..;..;..;..;..;..;..;..;..;28.0;27.6;25.6;27.3;28.2;28.7;27.6;25.9;27.3;26.4;26.4;24.6;26.6;25.9;28.2;26.8;27.0;27.1;26.1;28.5;29.4;30.3;28.8;28.3;29.0;29.3;30.1;28.4;28.9;27.9;28.6;..;..
Nicaragua;..;..;..;..;..;..;..;..;..;..;;..;..;..;..;..;..;..;..;..;..;..;..;..;..;..;..;..;..;..;..;68.8;70.6;67.2;67.7;64.6;64.6;63.9;62.8;60.5;59.4;58.4;56.7;54.7;51.5;51.2;52.8;53.3;52.6;53.8;54.6;54.4;53.3;53.3;54.3;53.0;50.0;49.5;48.9;51.4;50.7;52.1;..;..
Niger;..;..;..;..;..;..;..;..;..;..;;..;..;..;..;..;..;..;..;..;..;..;..;..;..;..;..;..;..;..;..;91.4;92.1;92.8;92.0;92.6;93.4;91.9;93.5;93.1;93.0;87.6;87.7;87.7;87.0;87.0;87.5;87.4;86.2;86.1;83.3;80.7;77.2;72.7;78.7;78.1;78.9;80.3;82.0;82.0;80.7;81.9;..;..
Nigeria;..;..;..;..;..;..;..;..;..;..;;..;..;..;..;..;..;..;..;..;..;..;..;..;..;..;..;..;..;..;..;87.8;86.5;84.5;86.3;88.6;88.0;87.1;85.6;87.2;87.2;86.2;84.7;84.6;83.0;84.1;84.0;85.9;87.3;86.3;88.7;86.5;84.6;84.6;82.2;80.6;82.2;82.0;82.3;81.6;80.8;82.5;..;..
North Macedonia;..;..;..;..;..;..;..;..;..;..;;..;..;..;..;..;..;..;..;..;..;..;..;..;..;..;..;..;..;..;..;2.4;4.4;16.0;14.9;16.6;17.8;14.2;15.9;15.1;17.7;19.4;15.2;14.6;17.3;18.2;19.0;19.8;15.7;15.6;18.4;22.3;18.6;18.3;21.2;21.2;23.9;21.4;19.0;20.9;17.1;20.3;..;..
Northern Mariana Islands;..;..;..;..;..;..;..;..;..;..;;..;..;..;..;..;..;..;..;..;..;..;..;..;..;..;..;..;..;..;..;0.0;0.0;0.0;0.0;0.0;0.0;0.0;0.0;0.0;0.0;0.0;0.0;0.0;0.0;0.0;0.0;0.0;0.0;0.0;0.0;0.0;0.0;0.0;0.0;0.0;0.0;0.0;0.0;0.0;0.0;0.3;0.5;..
Norway;..;..;..;..;..;..;..;..;..;..;;..;..;..;..;..;..;..;..;..;..;..;..;..;..;..;..;..;..;..;..;59.2;60.8;61.4;61.1;60.4;60.0;57.9;58.8;59.5;59.4;60.2;59.6;59.5;56.2;56.9;58.6;57.0;57.4;58.5;56.7;56.7;56.7;57.7;57.2;56.3;57.3;58.4;59.5;59.7;60.6;61.3;..;..
Oman;..;..;..;..;..;..;..;..;..;..;;..;..;..;..;..;..;..;..;..;..;..;..;..;..;..;..;..;..;..;..;0.0;0.0;0.0;0.0;0.0;0.0;0.0;0.0;0.0;0.0;0.0;0.0;0.0;0.0;0.0;0.0;0.0;0.0;0.0;0.0;0.0;0.0;0.0;0.0;0.0;0.0;0.0;0.0;0.0;0.0;0.1;..;..
Pakistan;..;..;..;..;..;..;..;..;..;..;;..;..;..;..;..;..;..;..;..;..;..;..;..;..;..;..;..;..;..;..;57.5;58.1;56.0;54.2;54.2;53.1;52.2;51.9;51.6;50.2;51.1;51.5;51.4;50.1;47.9;48.0;47.0;44.9;46.6;46.4;47.4;46.8;47.2;48.1;47.2;45.9;43.7;42.1;43.4;45.9;46.6;..;..
Palau;..;..;..;..;..;..;..;..;..;..;;..;..;..;..;..;..;..;..;..;..;..;..;..;..;..;..;..;..;..;..;0.0;0.0;0.0;0.0;0.0;0.0;0.0;0.0;0.0;0.0;0.0;0.0;0.0;0.0;0.0;0.0;0.0;0.0;0.0;0.0;0.0;0.0;0.0;0.0;0.3;0.4;0.6;0.6;0.6;0.9;0.9;0.9;..
Panama;..;..;..;..;..;..;..;..;..;..;;..;..;..;..;..;..;..;..;..;..;..;..;..;..;..;..;..;..;..;..;43.0;40.7;39.7;39.9;37.8;34.8;36.8;36.5;31.4;33.7;27.7;24.0;28.7;27.5;28.2;22.8;22.1;22.8;23.4;20.4;20.7;19.7;21.3;20.7;19.8;21.9;22.1;23.6;24.4;18.9;28.4;..;..
Papua New Guinea;..;..;..;..;..;..;..;..;..;..;;..;..;..;..;..;..;..;..;..;..;..;..;..;..;..;..;..;..;..;..;71.7;71.7;71.6;71.3;69.4;70.7;69.9;68.7;67.7;68.7;66.4;63.4;62.5;60.4;57.5;58.6;58.9;57.1;56.9;56.0;55.3;54.7;55.5;58.3;56.8;55.2;54.6;54.5;53.0;53.1;54.3;53.5;..
Paraguay;..;..;..;..;..;..;..;..;..;..;;..;..;..;..;..;..;..;..;..;..;..;..;..;..;..;..;..;..;..;..;78.5;79.2;75.7;72.6;69.9;70.2;70.8;69.5;67.4;65.9;70.4;69.8;67.7;67.1;66.8;68.8;66.5;68.4;65.8;65.4;63.6;62.5;63.4;62.6;62.5;60.5;62.5;60.1;59.2;60.1;61.4;..;..
Peru;..;..;..;..;..;..;..;..;..;..;;..;..;..;..;..;..;..;..;..;..;..;..;..;..;..;..;..;..;..;..;39.4;39.9;37.3;37.1;35.9;33.3;31.7;31.7;39.4;36.7;38.6;41.2;40.2;40.9;37.8;38.4;38.7;36.1;33.7;32.9;32.2;30.6;30.8;28.4;28.6;27.4;27.2;27.6;27.9;27.1;31.6;..;..
Philippines;..;..;..;..;..;..;..;..;..;..;;..;..;..;..;..;..;..;..;..;..;..;..;..;..;..;..;..;..;..;..;49.3;51.1;47.5;43.9;42.9;37.6;35.7;33.2;32.8;33.6;33.8;32.8;31.8;30.8;30.1;31.2;33.2;32.3;33.7;34.0;32.6;33.7;34.1;33.1;32.3;30.8;28.5;27.7;27.5;26.8;29.1;..;..
Poland;..;..;..;..;..;..;..;..;..;..;;..;..;..;..;..;..;..;..;..;..;..;..;..;..;..;..;..;..;..;..;2.5;2.1;2.3;6.1;6.2;6.3;5.9;6.0;6.5;6.4;6.9;7.3;7.5;7.3;7.3;7.2;7.2;7.3;8.0;8.8;9.5;10.4;10.9;11.4;11.6;11.9;11.3;11.1;15.1;15.6;16.1;..;..
Portugal;..;..;..;..;..;..;..;..;..;..;;..;..;..;..;..;..;..;..;..;..;..;..;..;..;..;..;..;..;..;..;27.0;25.8;22.4;24.4;25.0;23.7;25.4;24.6;22.4;19.0;20.1;20.8;18.3;22.1;19.9;18.1;22.3;23.2;23.2;24.9;27.8;27.2;25.5;30.2;30.5;27.2;29.0;24.4;27.5;28.2;31.2;..;..
Puerto Rico;..;..;..;..;..;..;..;..;..;..;;..;..;..;..;..;..;..;..;..;..;..;..;..;..;..;..;..;..;..;..;1.8;1.8;1.8;0.8;0.3;0.5;0.7;0.5;0.5;0.7;0.6;0.5;0.5;0.5;0.5;0.6;0.5;0.5;0.5;0.5;0.7;0.7;0.5;1.4;1.7;1.9;1.9;2.3;1.4;2.4;2.5;2.5;..
Qatar;..;..;..;..;..;..;..;..;..;..;;..;..;..;..;..;..;..;..;..;..;..;..;..;..;..;..;..;..;..;..;0.3;0.3;0.1;0.1;0.1;0.1;0.1;0.1;0.1;0.1;0.1;0.1;0.1;0.1;0.0;0.0;0.1;0.1;0.1;0.1;0.1;0.1;0.0;0.0;0.1;0.1;0.1;0.1;0.1;0.1;0.1;..;..
Romania;..;..;..;..;..;..;..;..;..;..;;..;..;..;..;..;..;..;..;..;..;..;..;..;..;..;..;..;..;..;..;3.4;5.0;5.6;7.2;7.6;8.6;11.9;15.8;16.3;17.7;16.4;13.4;14.4;15.7;17.3;18.5;17.4;18.2;20.4;22.2;24.1;21.1;21.5;23.1;24.3;23.7;24.4;23.4;23.0;23.5;24.1;..;..
Russian Federation;..;..;..;..;..;..;..;..;..;..;;..;..;..;..;..;..;..;..;..;..;..;..;..;..;..;..;..;..;..;..;3.8;3.8;4.0;4.0;3.9;3.9;3.7;3.8;3.6;3.8;3.5;3.6;3.5;3.3;3.6;3.6;3.5;3.7;3.3;3.6;3.3;3.2;3.2;3.6;3.3;3.2;3.4;3.3;3.2;3.2;3.7;..;..
Rwanda;..;..;..;..;..;..;..;..;..;..;;..;..;..;..;..;..;..;..;..;..;..;..;..;..;..;..;..;..;..;..;80.1;81.8;81.6;81.3;78.5;88.4;89.2;91.1;90.8;90.8;86.8;86.9;87.1;87.3;87.6;89.3;90.6;90.3;90.6;90.5;90.5;89.7;88.8;88.5;88.0;86.3;85.5;84.5;82.8;81.8;81.7;81.4;..
Samoa;..;..;..;..;..;..;..;..;..;..;;..;..;..;..;..;..;..;..;..;..;..;..;..;..;..;..;..;..;..;..;64.0;61.8;60.6;59.3;60.1;58.6;58.2;59.1;58.0;57.9;59.7;52.4;49.6;52.4;48.8;48.9;46.0;43.2;44.9;43.3;41.3;40.3;40.3;42.6;41.2;37.5;36.8;35.8;36.6;34.2;37.5;37.6;..
San Marino;..;..;..;..;..;..;..;..;..;..;;..;..;..;..;..;..;..;..;..;..;..;..;..;..;..;..;..;..;..;..;..;..;..;..;..;..;..;..;..;..;..;..;..;..;..;..;..;..;..;..;..;..;..;..;..;..;..;..;..;..;..;..;..
Sao Tome and Principe;..;..;..;..;..;..;..;..;..;..;;..;..;..;..;..;..;..;..;..;..;..;..;..;..;..;..;..;..;..;..;50.9;50.9;54.2;54.5;53.4;53.9;55.6;56.1;55.1;56.7;54.7;55.5;55.3;51.8;48.9;47.9;47.3;47.7;46.0;45.4;38.2;42.4;40.2;42.8;38.4;39.2;38.1;39.2;40.6;38.6;41.6;40.8;..
Saudi Arabia;..;..;..;..;..;..;..;..;..;..;;..;..;..;..;..;..;..;..;..;..;..;..;..;..;..;..;..;..;..;..;0.0;0.0;0.0;0.0;0.0;0.0;0.0;0.0;0.0;0.0;0.0;0.0;0.0;0.0;0.0;0.0;0.0;0.0;0.0;0.0;0.0;0.0;0.0;0.0;0.0;0.0;0.0;0.0;0.0;0.0;0.1;..;..
Senegal;..;..;..;..;..;..;..;..;..;..;;..;..;..;..;..;..;..;..;..;..;..;..;..;..;..;..;..;..;..;..;55.6;55.3;53.7;55.1;54.8;53.2;52.5;50.7;48.0;45.9;47.5;45.8;43.8;43.7;39.9;40.3;43.4;40.0;39.8;51.3;49.6;48.0;49.6;42.7;42.5;39.1;36.7;37.9;36.0;36.9;38.6;..;..
Serbia;..;..;..;..;..;..;..;..;..;..;;..;..;..;..;..;..;..;..;..;..;..;..;..;..;..;..;..;..;..;..;14.5;17.2;17.8;19.2;20.9;23.3;18.0;15.2;15.5;22.1;22.1;19.6;18.0;15.7;14.6;16.1;15.3;14.0;15.5;20.7;20.5;17.4;19.5;20.0;23.3;21.2;20.9;20.0;21.1;21.5;26.0;..;..
Seychelles;..;..;..;..;..;..;..;..;..;..;;..;..;..;..;..;..;..;..;..;..;..;..;..;..;..;..;..;..;..;..;4.3;3.5;3.3;3.1;2.8;3.0;2.3;2.1;1.9;1.8;1.5;1.3;1.1;1.1;1.0;0.9;1.0;1.0;0.9;0.8;0.7;0.9;0.8;1.5;1.4;1.4;1.2;1.2;1.2;1.2;1.3;1.8;..
Sierra Leone;..;..;..;..;..;..;..;..;..;..;;..;..;..;..;..;..;..;..;..;..;..;..;..;..;..;..;..;..;..;..;92.3;91.8;92.5;93.0;92.7;93.8;94.3;94.5;94.6;95.0;93.3;91.2;88.0;86.5;86.5;88.1;84.4;86.4;86.0;86.1;84.9;81.0;79.1;74.6;73.0;74.0;73.6;74.6;75.9;75.4;75.1;71.2;..
Singapore;..;..;..;..;..;..;..;..;..;..;;..;..;..;..;..;..;..;..;..;..;..;..;..;..;..;..;..;..;..;..;0.2;0.5;0.5;0.5;0.5;0.5;0.5;0.4;0.4;0.4;0.3;0.6;0.6;0.6;0.5;0.5;0.5;0.5;0.5;0.5;0.5;0.5;0.5;0.6;0.6;0.7;0.7;0.7;0.8;0.9;0.9;..;..
Sint Maarten (Dutch part);..;..;..;..;..;..;..;..;..;..;;..;..;..;..;..;..;..;..;..;..;..;..;..;..;..;..;..;..;..;..;0.0;0.0;0.0;0.0;0.0;0.0;0.0;0.0;0.0;0.0;0.0;0.0;0.0;0.0;0.0;0.0;0.0;0.0;0.0;0.0;0.0;0.0;0.1;0.1;0.1;0.1;0.1;0.1;0.1;0.1;0.1;0.1;..
Slovak Republic;..;..;..;..;..;..;..;..;..;..;;..;..;..;..;..;..;..;..;..;..;..;..;..;..;..;..;..;..;..;..;2.2;2.1;2.3;4.1;4.7;4.2;3.9;3.9;3.6;3.8;3.7;6.0;5.5;5.4;6.3;6.3;6.6;8.2;7.6;10.0;10.3;10.4;10.5;10.7;12.2;13.4;13.1;12.4;12.4;17.6;17.6;..;..
Slovenia;..;..;..;..;..;..;..;..;..;..;;..;..;..;..;..;..;..;..;..;..;..;..;..;..;..;..;..;..;..;..;12.4;13.1;13.9;12.4;12.3;11.5;11.1;10.2;11.1;11.0;18.0;18.7;16.3;16.9;17.8;18.6;17.4;18.4;17.6;19.6;20.1;19.1;20.2;22.5;22.9;21.4;21.0;19.7;20.6;20.9;22.4;..;..
Solomon Islands;..;..;..;..;..;..;..;..;..;..;;..;..;..;..;..;..;..;..;..;..;..;..;..;..;..;..;..;..;..;..;60.2;59.0;57.7;56.1;54.5;54.1;52.5;53.1;52.5;55.3;55.3;54.1;52.8;51.5;49.9;49.7;48.9;47.4;46.7;45.8;45.1;43.6;43.8;41.8;45.9;48.6;48.7;49.0;48.6;48.4;49.0;49.1;..
Somalia;..;..;..;..;..;..;..;..;..;..;;..;..;..;..;..;..;..;..;..;..;..;..;..;..;..;..;..;..;..;..;86.3;87.6;88.8;89.4;89.9;90.6;91.1;91.7;92.5;92.9;93.3;93.3;92.6;92.8;93.0;93.3;93.5;93.0;93.4;93.6;93.6;93.7;93.9;94.4;94.6;94.5;94.8;94.9;94.9;95.0;95.5;95.4;..
South Africa;..;..;..;..;..;..;..;..;..;..;;..;..;..;..;..;..;..;..;..;..;..;..;..;..;..;..;..;..;..;..;16.6;17.5;18.4;18.6;18.6;18.1;17.4;17.1;17.3;17.7;16.2;15.0;13.3;12.1;11.1;9.9;9.4;8.9;9.9;9.4;9.7;9.2;8.5;7.9;7.7;7.7;8.0;8.0;8.1;8.8;9.8;..;..
South Sudan;..;..;..;..;..;..;..;..;..;..;;..;..;..;..;..;..;..;..;..;..;..;..;..;..;..;..;..;..;..;..;..;..;..;..;..;..;..;..;..;..;..;..;..;..;..;..;..;..;..;..;..;..;30.6;30.1;29.3;27.5;28.7;35.1;31.6;31.6;33.2;..;..
Spain;..;..;..;..;..;..;..;..;..;..;;..;..;..;..;..;..;..;..;..;..;..;..;..;..;..;..;..;..;..;..;10.6;10.0;8.3;9.1;9.2;8.3;10.1;9.2;8.9;7.7;7.9;8.9;7.4;8.9;8.0;7.3;8.5;9.0;9.7;12.2;14.4;14.7;15.8;16.9;17.3;16.3;16.7;15.2;16.9;16.7;19.4;..;..
Sri Lanka;..;..;..;..;..;..;..;..;..;..;;..;..;..;..;..;..;..;..;..;..;..;..;..;..;..;..;..;..;..;..;78.1;78.0;75.3;74.2;70.6;69.9;64.4;65.9;64.2;63.3;64.2;62.9;62.1;61.3;61.6;60.1;62.2;60.2;61.6;63.5;61.9;56.4;52.9;56.9;54.2;51.3;45.1;45.8;47.9;46.1;49.3;..;..
St. Kitts and Nevis;..;..;..;..;..;..;..;..;..;..;;..;..;..;..;..;..;..;..;..;..;..;..;..;..;..;..;..;..;..;..;39.9;33.9;33.7;38.6;41.1;36.5;30.4;33.9;32.0;27.3;26.4;26.0;24.3;26.3;22.0;25.3;0.0;0.0;0.0;0.0;1.0;0.9;1.3;1.4;1.6;1.6;1.7;1.3;1.3;1.3;1.4;1.4;..
St. Lucia;..;..;..;..;..;..;..;..;..;..;;..;..;..;..;..;..;..;..;..;..;..;..;..;..;..;..;..;..;..;..;43.2;41.2;36.7;33.8;30.8;29.7;27.4;27.7;25.1;24.0;24.1;22.2;21.7;20.0;18.4;18.4;16.9;16.3;15.5;15.1;13.2;12.9;12.4;12.1;11.7;11.5;11.2;10.2;10.2;10.0;10.0;9.7;..
St. Martin (French part);..;..;..;..;..;..;..;..;..;..;;..;..;..;..;..;..;..;..;..;..;..;..;..;..;..;..;..;..;..;..;..;..;..;..;..;..;..;..;..;..;..;..;..;..;..;..;..;..;..;..;..;..;..;..;..;..;..;..;..;..;..;..;..
St. Vincent and the Grenadines;..;..;..;..;..;..;..;..;..;..;;..;..;..;..;..;..;..;..;..;..;..;..;..;..;..;..;..;..;..;..;15.4;11.6;13.2;12.3;10.5;9.1;9.0;8.8;7.2;6.5;8.5;6.2;6.1;5.6;5.9;5.8;5.3;4.7;5.3;4.1;5.1;6.1;5.0;5.4;3.3;4.3;4.1;5.3;4.9;5.4;4.9;5.0;..
Sudan;..;..;..;..;..;..;..;..;..;..;;..;..;..;..;..;..;..;..;..;..;..;..;..;..;..;..;..;..;..;..;73.3;76.2;77.4;85.6;79.5;81.5;83.6;80.5;81.9;80.9;80.4;79.4;76.8;77.0;75.4;72.3;69.3;65.6;63.5;63.1;61.3;63.7;63.7;64.3;63.8;61.9;58.9;59.4;59.7;59.6;62.1;..;..
Suriname;..;..;..;..;..;..;..;..;..;..;;..;..;..;..;..;..;..;..;..;..;..;..;..;..;..;..;..;..;..;..;..;..;..;..;..;..;..;..;..;..;23.6;24.1;27.8;24.6;22.6;18.9;22.1;24.6;26.2;26.5;22.1;21.2;15.8;17.6;12.9;11.6;11.1;15.5;18.3;14.8;14.7;..;..
Sweden;..;..;..;..;..;..;..;..;..;..;;..;..;..;..;..;..;..;..;..;..;..;..;..;..;..;..;..;..;..;..;34.1;32.5;33.2;34.4;31.4;33.9;31.4;35.5;35.5;34.6;39.8;37.4;35.9;34.6;35.5;39.3;40.1;41.8;43.2;45.7;44.7;45.4;48.3;47.3;48.6;51.9;50.9;51.8;51.6;52.9;58.4;..;..
Switzerland;..;..;..;..;..;..;..;..;..;..;;..;..;..;..;..;..;..;..;..;..;..;..;..;..;..;..;..;..;..;..;16.8;17.1;17.0;18.0;18.3;17.6;16.7;17.4;17.1;18.4;18.2;18.7;18.2;18.0;18.1;18.7;18.1;19.3;19.6;20.0;20.6;20.6;21.9;21.8;22.2;23.9;24.1;25.0;24.2;24.8;26.4;..;..
Syrian Arab Republic;..;..;..;..;..;..;..;..;..;..;;..;..;..;..;..;..;..;..;..;..;..;..;..;..;..;..;..;..;..;..;2.4;2.1;2.2;2.2;2.0;1.8;1.6;1.7;1.6;1.8;2.0;2.1;1.6;1.9;2.6;2.1;1.8;1.5;1.3;0.9;1.4;1.6;2.0;3.1;2.7;0.6;1.3;1.1;0.9;1.0;1.1;..;..
Tajikistan;..;..;..;..;..;..;..;..;..;..;;..;..;..;..;..;..;..;..;..;..;..;..;..;..;..;..;..;..;..;..;29.6;31.0;37.4;44.0;57.3;60.6;62.7;56.8;55.8;59.7;62.4;64.1;64.2;64.6;61.4;63.7;61.6;53.8;54.6;60.6;61.8;60.0;55.8;55.1;45.9;48.1;43.7;44.2;41.6;40.1;38.8;..;..
Tanzania;..;..;..;..;..;..;..;..;..;..;;..;..;..;..;..;..;..;..;..;..;..;..;..;..;..;..;..;..;..;..;93.2;93.5;93.7;94.1;95.2;93.4;92.2;92.8;93.2;94.3;93.7;93.2;92.5;92.4;91.6;90.8;90.6;90.8;90.3;90.9;89.7;88.8;86.6;85.6;86.4;86.2;86.7;85.3;85.3;83.5;84.0;..;..
Thailand;..;..;..;..;..;..;..;..;..;..;;..;..;..;..;..;..;..;..;..;..;..;..;..;..;..;..;..;..;..;..;33.5;33.0;31.8;26.4;23.8;22.6;21.0;21.1;21.5;21.2;21.8;19.9;19.9;20.2;19.9;20.1;20.5;21.6;22.6;22.8;22.8;23.0;23.6;23.2;24.4;22.7;22.4;22.3;23.7;24.0;20.8;..;..
Timor-Leste;..;..;..;..;..;..;..;..;..;..;;..;..;..;..;..;..;..;..;..;..;..;..;..;..;..;..;..;..;..;..;0.0;0.0;0.0;0.0;0.0;0.0;0.0;0.0;0.0;0.0;0.0;0.0;48.3;47.9;44.0;43.6;41.9;41.9;39.7;36.9;34.8;32.8;25.6;22.6;18.1;18.0;12.7;13.2;12.7;11.7;11.4;11.1;..
Togo;..;..;..;..;..;..;..;..;..;..;;..;..;..;..;..;..;..;..;..;..;..;..;..;..;..;..;..;..;..;..;78.7;82.1;85.8;91.5;81.6;81.5;73.1;79.6;77.8;73.1;77.1;82.1;78.7;74.8;76.1;77.2;79.7;79.9;76.5;63.4;65.8;69.1;72.7;76.2;81.4;81.0;80.7;78.4;76.7;76.2;76.6;..;..
Tonga;..;..;..;..;..;..;..;..;..;..;;..;..;..;..;..;..;..;..;..;..;..;..;..;..;..;..;..;..;..;..;1.4;1.3;1.6;1.4;1.2;1.2;1.5;1.3;1.2;1.0;2.5;2.7;2.5;2.0;2.2;2.2;1.9;2.2;2.0;1.8;1.0;1.1;1.2;1.6;1.7;1.9;2.0;2.0;1.8;1.8;1.9;2.1;..
Trinidad and Tobago;..;..;..;..;..;..;..;..;..;..;;..;..;..;..;..;..;..;..;..;..;..;..;..;..;..;..;..;..;..;..;1.2;1.3;1.3;1.3;1.3;1.2;1.0;0.9;0.9;0.9;0.8;0.7;0.7;0.6;0.6;0.5;0.6;0.5;0.5;0.5;0.4;0.4;0.4;0.4;0.4;0.4;0.4;0.4;0.5;0.4;0.5;..;..
Tunisia;..;..;..;..;..;..;..;..;..;..;;..;..;..;..;..;..;..;..;..;..;..;..;..;..;..;..;..;..;..;..;14.5;14.8;14.2;13.9;14.2;14.4;14.4;14.4;14.5;14.5;14.2;14.2;14.6;14.1;13.9;14.2;14.3;14.3;14.6;16.1;12.6;13.2;13.0;13.2;12.9;12.5;12.4;11.8;11.9;12.2;12.9;..;..
Turkiye;..;..;..;..;..;..;..;..;..;..;;..;..;..;..;..;..;..;..;..;..;..;..;..;..;..;..;..;..;..;..;24.4;24.0;24.0;23.6;24.1;21.9;21.0;20.7;21.5;20.5;17.3;18.1;17.5;16.3;16.8;15.3;14.2;12.5;12.5;13.1;14.2;12.7;13.0;13.8;11.5;13.3;13.2;11.4;11.8;14.1;13.7;..;..
Turkmenistan;..;..;..;..;..;..;..;..;..;..;;..;..;..;..;..;..;..;..;..;..;..;..;..;..;..;..;..;..;..;..;0.0;0.0;0.0;0.0;0.0;0.0;0.0;0.0;0.1;0.1;0.1;0.1;0.1;0.1;0.1;0.1;0.1;0.1;0.1;0.1;0.1;0.1;0.1;0.1;0.1;0.1;0.1;0.1;0.1;0.1;0.1;..;..
Turks and Caicos Islands;..;..;..;..;..;..;..;..;..;..;;..;..;..;..;..;..;..;..;..;..;..;..;..;..;..;..;..;..;..;..;0.8;0.5;0.3;0.5;0.5;0.5;0.6;0.5;0.5;0.5;0.5;0.4;0.4;0.4;0.4;0.4;0.4;0.3;0.3;0.3;0.3;0.4;0.4;0.4;0.4;0.4;0.4;0.4;0.4;0.5;0.5;0.5;..
Tuvalu;..;..;..;..;..;..;..;..;..;..;;..;..;..;..;..;..;..;..;..;..;..;..;..;..;..;..;..;..;..;..;0.0;0.0;0.0;0.0;0.0;0.0;0.0;0.0;0.0;0.0;0.0;0.0;0.0;0.0;0.0;0.0;0.0;0.0;0.2;0.3;0.5;0.2;0.3;0.7;0.7;3.0;7.3;7.0;6.6;6.5;6.7;6.7;..
Uganda;..;..;..;..;..;..;..;..;..;..;;..;..;..;..;..;..;..;..;..;..;..;..;..;..;..;..;..;..;..;..;96.8;96.8;96.9;97.0;97.5;96.7;96.5;95.7;95.2;95.2;95.0;95.2;95.4;95.3;95.0;94.1;93.8;93.7;93.7;93.9;93.2;92.8;93.0;92.6;91.8;91.1;90.8;90.7;91.5;91.6;92.9;93.0;..
Ukraine;..;..;..;..;..;..;..;..;..;..;;..;..;..;..;..;..;..;..;..;..;..;..;..;..;..;..;..;..;..;..;0.7;0.7;0.6;0.9;1.1;1.0;0.9;1.0;1.6;1.5;1.3;1.2;1.0;1.0;1.2;1.3;1.8;2.4;2.7;3.0;2.9;2.7;2.9;3.5;3.5;4.2;5.5;6.5;6.9;7.4;8.7;..;..
United Arab Emirates;..;..;..;..;..;..;..;..;..;..;;..;..;..;..;..;..;..;..;..;..;..;..;..;..;..;..;..;..;..;..;0.0;0.0;0.2;0.2;0.1;0.1;0.1;0.1;0.1;0.1;0.1;0.1;0.1;0.1;0.1;0.1;0.1;0.1;0.1;0.1;0.1;0.1;0.1;0.1;0.1;0.1;0.1;0.2;0.3;0.7;0.9;..;..
United Kingdom;..;..;..;..;..;..;..;..;..;..;;..;..;..;..;..;..;..;..;..;..;..;..;..;..;..;..;..;..;..;..;0.7;0.6;0.8;0.8;1.0;1.1;0.9;1.0;1.0;1.0;1.0;0.9;1.0;0.9;1.1;1.4;1.6;1.8;2.4;2.9;3.1;3.9;4.2;5.2;6.5;7.7;7.7;8.8;10.1;11.4;13.5;..;..
United States;..;..;..;..;..;..;..;..;..;..;;..;..;..;..;..;..;..;..;..;..;..;..;..;..;..;..;..;..;..;..;4.2;4.5;4.8;4.3;4.1;4.7;4.8;4.5;4.5;5.7;5.4;4.7;4.8;5.3;5.5;5.8;6.4;6.3;6.9;7.4;7.4;8.4;8.7;9.1;9.2;9.0;9.5;9.9;10.1;10.4;11.2;..;..
Uruguay;..;..;..;..;..;..;..;..;..;..;;..;..;..;..;..;..;..;..;..;..;..;..;..;..;..;..;..;..;..;..;44.8;43.7;43.3;42.7;42.2;41.0;37.5;37.7;36.9;33.3;38.7;41.6;43.3;43.8;39.3;41.3;37.6;43.2;44.1;44.6;53.3;49.7;47.9;51.9;56.7;59.4;60.3;60.8;60.8;59.3;61.1;..;..
Uzbekistan;..;..;..;..;..;..;..;..;..;..;;..;..;..;..;..;..;..;..;..;..;..;..;..;..;..;..;..;..;..;..;1.3;1.2;1.4;1.6;1.6;1.5;1.7;1.5;1.2;1.5;0.7;0.8;1.0;1.4;1.1;1.6;0.9;0.9;0.8;1.3;1.4;1.0;1.3;1.2;1.4;1.7;1.6;1.8;1.5;1.6;1.0;..;..
Vanuatu;..;..;..;..;..;..;..;..;..;..;;..;..;..;..;..;..;..;..;..;..;..;..;..;..;..;..;..;..;..;..;27.6;31.9;37.3;40.3;43.5;45.4;38.9;41.4;47.3;48.0;47.8;46.6;50.9;51.4;65.5;65.4;64.7;42.4;47.7;38.7;38.1;35.8;39.0;40.9;31.5;35.6;33.2;35.7;29.7;31.6;26.0;22.7;..
Venezuela, RB;..;..;..;..;..;..;..;..;..;..;;..;..;..;..;..;..;..;..;..;..;..;..;..;..;..;..;..;..;..;..;12.0;13.2;14.2;13.2;13.8;13.2;12.9;13.9;13.7;15.0;15.3;14.0;12.8;13.4;14.6;14.2;15.6;16.6;16.4;16.2;13.8;14.8;13.7;15.3;12.0;15.3;14.5;14.3;14.6;15.8;23.3;..;..
Viet Nam;..;..;..;..;..;..;..;..;..;..;;..;..;..;..;..;..;..;..;..;..;..;..;..;..;..;..;..;..;..;..;75.9;75.5;74.5;70.6;67.8;64.9;62.6;60.5;59.2;59.3;57.7;56.1;52.2;50.8;45.8;44.2;44.3;41.9;39.3;37.0;34.6;36.3;37.9;37.4;36.7;26.5;27.0;28.5;24.6;20.7;19.1;..;..
Virgin Islands (U.S.);..;..;..;..;..;..;..;..;..;..;;..;..;..;..;..;..;..;..;..;..;..;..;..;..;..;..;..;..;..;..;0.5;0.5;0.5;0.5;0.5;0.5;0.5;0.5;0.5;0.6;0.5;0.6;0.6;0.6;0.6;0.7;0.7;0.7;0.7;0.8;0.7;1.1;1.9;2.7;3.9;5.1;5.1;4.8;4.8;4.9;5.1;5.1;..
West Bank and Gaza;..;..;..;..;..;..;..;..;..;..;;..;..;..;..;..;..;..;..;..;..;..;..;..;..;..;..;..;..;..;..;22.1;22.0;21.5;21.3;21.0;21.0;20.2;17.2;16.4;15.9;17.5;17.1;21.8;21.7;23.1;22.8;18.1;20.5;20.1;16.5;14.1;15.4;12.2;11.7;10.8;11.0;12.3;10.5;12.7;13.9;15.0;14.7;..
Yemen, Rep.;..;..;..;..;..;..;..;..;..;..;;..;..;..;..;..;..;..;..;..;..;..;..;..;..;..;..;..;..;..;..;1.8;1.4;1.3;1.5;1.4;1.2;1.2;1.2;1.1;1.0;1.0;0.9;0.9;0.8;0.8;0.7;0.8;0.8;0.7;0.7;0.8;0.9;1.1;0.8;0.8;2.0;2.6;2.9;2.9;3.0;3.5;..;..
Zambia;..;..;..;..;..;..;..;..;..;..;;..;..;..;..;..;..;..;..;..;..;..;..;..;..;..;..;..;..;..;..;83.0;82.3;82.7;85.1;86.9;87.1;89.6;87.0;87.8;89.8;90.0;89.8;89.6;89.2;89.3;88.7;89.4;90.3;89.4;88.7;88.6;87.3;84.6;84.6;83.8;83.1;83.1;81.9;81.9;81.5;81.8;..;..
Zimbabwe;..;..;..;..;..;..;..;..;..;..;;..;..;..;..;..;..;..;..;..;..;..;..;..;..;..;..;..;..;..;..;64.0;63.7;64.4;64.4;68.5;67.1;66.7;67.4;67.8;64.4;69.5;72.3;74.7;78.0;81.8;80.3;78.7;78.0;81.6;82.6;82.5;79.4;77.6;79.0;80.5;81.0;82.1;82.6;80.4;81.5;84.4;..;..
Africa Eastern and Southern;..;..;..;..;..;..;..;..;..;..;;..;..;..;..;..;..;..;..;..;..;..;..;..;..;..;..;..;..;..;..;60.9;62.2;64.0;64.7;65.2;64.8;64.0;63.3;64.0;65.1;65.4;65.9;65.2;64.7;63.8;63.2;62.9;61.6;62.0;61.4;63.1;63.1;61.7;61.1;61.5;62.1;62.5;61.9;62.2;63.4;66.1;..;..
Africa Western and Central;..;..;..;..;..;..;..;..;..;..;;..;..;..;..;..;..;..;..;..;..;..;..;..;..;..;..;..;..;..;..;85.9;85.3;83.9;85.2;86.6;86.2;85.2;83.9;84.6;84.0;83.3;82.1;81.9;80.8;80.9;81.1;82.0;82.5;81.6;82.8;80.9;79.6;78.9;77.1;76.1;76.7;76.3;76.4;76.0;75.3;76.1;..;..
Arab World;..;..;..;..;..;..;..;..;..;..;;..;..;..;..;..;..;..;..;..;..;..;..;..;..;..;..;..;..;..;..;7.4;7.3;7.0;6.8;7.0;6.9;6.9;7.0;6.8;6.8;6.7;6.5;6.4;6.5;6.8;6.4;6.2;5.6;5.1;5.1;4.8;4.7;4.4;4.5;4.4;4.2;4.3;4.4;4.5;4.7;5.1;..;..
Caribbean small states;..;..;..;..;..;..;..;..;..;..;;..;..;..;..;..;..;..;..;..;..;..;..;..;..;..;..;..;..;..;..;14.5;12.1;12.4;13.0;11.7;11.7;11.2;11.1;9.7;9.4;10.5;9.7;10.1;9.5;8.9;7.7;7.7;7.4;7.9;8.4;8.1;9.1;8.9;8.0;7.3;7.5;7.8;8.2;7.6;6.7;7.4;..;..
Central Europe and the Baltics;..;..;..;..;..;..;..;..;..;..;;..;..;..;..;..;..;..;..;..;..;..;..;..;..;..;..;..;..;..;..;4.1;4.8;5.4;7.2;7.5;7.8;8.4;9.0;9.5;9.7;9.9;9.9;10.2;10.3;10.8;11.3;11.1;11.4;12.2;13.8;14.6;14.8;15.7;16.7;17.1;17.1;16.9;16.5;18.1;18.9;19.7;..;..
Early-demographic dividend;..;..;..;..;..;..;..;..;..;..;;..;..;..;..;..;..;..;..;..;..;..;..;..;..;..;..;..;..;..;..;34.8;34.4;34.2;34.0;33.2;32.8;32.1;31.6;31.5;31.0;30.4;30.3;29.6;29.1;28.4;27.9;27.2;26.2;26.0;25.4;24.9;24.1;23.8;24.0;23.5;23.3;23.3;22.9;23.0;23.4;25.0;..;..
East Asia & Pacific;..;..;..;..;..;..;..;..;..;..;;..;..;..;..;..;..;..;..;..;..;..;..;..;..;..;..;..;..;..;..;26.4;26.0;25.5;24.8;24.0;23.1;23.3;23.0;23.1;23.0;22.5;21.8;21.2;19.8;17.9;16.5;16.0;15.1;14.8;14.3;13.4;12.8;12.8;12.8;13.2;13.0;13.3;13.6;13.8;14.3;14.7;..;..
East Asia & Pacific (excluding high income);..;..;..;..;..;..;..;..;..;..;;..;..;..;..;..;..;..;..;..;..;..;..;..;..;..;..;..;..;..;..;36.8;36.1;35.7;34.3;33.7;32.0;32.7;32.0;31.9;32.2;31.7;30.4;29.3;26.6;23.2;20.8;19.8;18.4;17.8;17.0;15.7;14.8;14.7;14.6;14.9;14.5;14.9;15.2;15.3;15.7;16.1;..;..
East Asia & Pacific (IDA & IBRD countries);..;..;..;..;..;..;..;..;..;..;;..;..;..;..;..;..;..;..;..;..;..;..;..;..;..;..;..;..;..;..;37.8;37.0;36.5;35.0;34.3;32.4;33.1;32.4;32.3;32.6;32.1;30.8;29.6;26.9;23.4;20.9;19.9;18.5;17.9;17.0;15.7;14.7;14.7;14.6;14.8;14.5;14.9;15.2;15.3;15.8;16.1;..;..
Euro area;..;..;..;..;..;..;..;..;..;..;;..;..;..;..;..;..;..;..;..;..;..;..;..;..;..;..;..;..;..;..;6.5;6.7;6.8;6.9;7.1;7.0;7.1;7.2;7.3;7.3;7.5;7.7;7.6;8.2;8.4;8.7;9.5;10.7;11.4;12.4;13.2;13.3;14.8;15.6;16.2;16.2;16.2;16.5;17.4;18.0;19.7;..;..
Europe & Central Asia;..;..;..;..;..;..;..;..;..;..;;..;..;..;..;..;..;..;..;..;..;..;..;..;..;..;..;..;..;..;..;5.7;5.9;6.2;6.6;6.9;7.0;7.1;7.4;7.5;7.6;7.6;7.6;7.6;7.7;8.0;8.3;8.6;9.1;9.5;10.4;10.9;10.7;11.6;12.3;12.4;12.9;12.9;12.9;13.5;14.0;15.1;..;..
Europe & Central Asia (excluding high income);..;..;..;..;..;..;..;..;..;..;;..;..;..;..;..;..;..;..;..;..;..;..;..;..;..;..;..;..;..;..;4.1;4.1;4.4;4.8;4.9;5.0;5.1;5.2;5.3;5.4;5.1;5.1;5.1;4.9;5.1;5.2;5.0;5.0;4.7;5.3;5.4;5.0;5.2;5.7;5.3;5.7;5.8;5.6;5.7;6.1;6.5;..;..
Europe & Central Asia (IDA & IBRD countries);..;..;..;..;..;..;..;..;..;..;;..;..;..;..;..;..;..;..;..;..;..;..;..;..;..;..;..;..;..;..;4.0;4.2;4.5;5.1;5.2;5.4;5.7;5.9;6.0;6.1;5.8;5.7;5.7;5.6;5.9;6.0;5.8;5.7;5.7;6.3;6.5;6.1;6.3;6.8;6.5;6.9;7.0;6.8;7.2;7.6;8.0;..;..
European Union;..;..;..;..;..;..;..;..;..;..;;..;..;..;..;..;..;..;..;..;..;..;..;..;..;..;..;..;..;..;..;6.9;7.2;7.5;7.9;8.0;8.0;8.1;8.5;8.6;8.6;9.0;9.0;8.9;9.3;9.6;10.0;10.7;11.8;12.5;13.7;14.5;14.6;16.1;16.8;17.5;17.6;17.5;17.7;18.7;19.3;21.1;..;..
Fragile and conflict affected situations;..;..;..;..;..;..;..;..;..;..;;..;..;..;..;..;..;..;..;..;..;..;..;..;..;..;..;..;..;..;..;36.2;36.6;38.6;41.4;44.4;44.6;45.2;46.3;48.2;49.1;49.6;49.1;49.2;50.1;50.2;50.2;51.1;51.0;51.2;53.5;51.8;52.3;52.1;52.7;53.9;58.0;58.3;58.4;57.7;58.5;61.3;..;..
Heavily indebted poor countries (HIPC);..;..;..;..;..;..;..;..;..;..;;..;..;..;..;..;..;..;..;..;..;..;..;..;..;..;..;..;..;..;..;85.8;86.7;87.1;87.6;87.3;87.0;86.7;86.1;85.9;85.4;85.4;85.0;84.5;84.3;84.0;84.0;83.2;81.8;81.2;80.4;79.5;78.9;77.9;77.6;77.3;76.7;76.4;75.9;75.5;74.9;75.9;..;..
High income;..;..;..;..;..;..;..;..;..;..;;..;..;..;..;..;..;..;..;..;..;..;..;..;..;..;..;..;..;..;..;6.4;6.6;6.7;6.7;6.5;6.8;6.8;6.9;6.9;7.4;7.3;6.9;7.0;7.3;7.5;7.8;8.2;8.4;9.0;9.5;9.7;10.2;10.7;11.2;11.4;11.4;11.7;12.1;12.5;12.9;14.0;..;..
IBRD only;..;..;..;..;..;..;..;..;..;..;;..;..;..;..;..;..;..;..;..;..;..;..;..;..;..;..;..;..;..;..;22.0;22.1;22.7;23.0;23.6;23.2;23.6;23.6;23.7;23.9;23.5;22.9;22.6;21.6;20.3;19.3;18.8;18.0;17.7;17.5;16.7;16.0;15.9;16.0;16.0;16.0;16.3;16.4;16.7;17.1;17.9;..;..
IDA & IBRD total;..;..;..;..;..;..;..;..;..;..;;..;..;..;..;..;..;..;..;..;..;..;..;..;..;..;..;..;..;..;..;26.8;27.0;27.8;28.1;28.9;28.6;29.2;29.1;29.3;29.6;29.2;28.8;28.5;27.5;26.1;25.1;24.5;23.6;23.2;23.2;22.3;21.6;21.4;21.6;21.6;21.6;21.9;21.9;22.0;22.5;23.4;..;..
IDA blend;..;..;..;..;..;..;..;..;..;..;;..;..;..;..;..;..;..;..;..;..;..;..;..;..;..;..;..;..;..;..;58.9;59.1;59.7;59.8;61.0;61.4;61.3;60.9;59.7;59.2;59.0;59.0;59.2;59.3;59.2;59.9;59.6;59.6;59.9;61.7;60.7;60.2;62.4;62.2;61.8;62.4;61.1;60.4;60.7;61.4;61.8;..;..
IDA only;..;..;..;..;..;..;..;..;..;..;;..;..;..;..;..;..;..;..;..;..;..;..;..;..;..;..;..;..;..;..;75.4;76.0;77.7;79.1;79.8;79.3;78.3;77.7;77.1;77.2;77.1;76.4;76.0;75.5;75.1;74.0;73.5;72.0;71.7;71.7;70.7;70.3;69.5;70.1;69.7;69.1;68.4;67.0;66.0;66.1;67.3;..;..
IDA total;..;..;..;..;..;..;..;..;..;..;;..;..;..;..;..;..;..;..;..;..;..;..;..;..;..;..;..;..;..;..;67.0;67.3;68.4;69.0;70.1;70.3;69.7;69.2;68.3;68.0;67.8;67.5;67.4;67.3;67.0;66.9;66.6;65.8;65.8;66.8;65.7;65.3;66.0;66.2;65.8;65.8;64.9;63.8;63.4;63.8;64.7;..;..
Late-demographic dividend;..;..;..;..;..;..;..;..;..;..;;..;..;..;..;..;..;..;..;..;..;..;..;..;..;..;..;..;..;..;..;19.5;19.7;20.4;20.6;21.3;20.9;21.7;21.7;21.7;22.1;21.6;20.9;20.7;19.5;18.0;16.8;16.3;15.6;15.1;15.1;14.2;13.5;13.6;13.6;13.8;13.8;14.1;14.4;14.8;15.2;15.8;..;..
Latin America & Caribbean;..;..;..;..;..;..;..;..;..;..;;..;..;..;..;..;..;..;..;..;..;..;..;..;..;..;..;..;..;..;..;32.6;32.0;31.7;31.1;30.7;30.3;29.4;28.6;28.6;29.1;28.5;27.9;28.5;29.0;28.9;29.0;28.9;29.0;29.1;30.0;29.0;28.5;27.9;27.8;27.7;28.2;28.9;29.4;30.3;30.7;33.9;..;..
Latin America & Caribbean (excluding high income);..;..;..;..;..;..;..;..;..;..;;..;..;..;..;..;..;..;..;..;..;..;..;..;..;..;..;..;..;..;..;34.8;33.9;33.4;33.0;32.5;32.1;31.2;30.3;30.3;30.7;29.8;29.4;30.2;30.7;30.4;30.6;30.4;30.4;30.5;31.5;30.8;30.0;29.4;29.0;29.2;29.4;30.1;30.6;31.5;31.8;34.9;..;..
Latin America & the Caribbean (IDA & IBRD countries);..;..;..;..;..;..;..;..;..;..;;..;..;..;..;..;..;..;..;..;..;..;..;..;..;..;..;..;..;..;..;32.4;31.7;31.4;31.0;30.6;30.3;29.3;28.7;28.7;29.2;28.6;28.0;28.6;29.2;29.0;29.2;29.3;29.4;29.5;30.4;29.4;28.8;28.2;28.0;27.9;28.5;29.2;29.7;30.5;30.9;34.3;..;..
Least developed countries: UN classification;..;..;..;..;..;..;..;..;..;..;;..;..;..;..;..;..;..;..;..;..;..;..;..;..;..;..;..;..;..;..;85.9;86.3;86.4;86.9;86.6;85.5;85.2;84.4;84.4;84.2;83.9;83.1;82.7;81.5;81.1;80.9;80.2;78.9;78.2;77.1;75.9;75.4;74.3;73.6;72.9;72.7;72.1;70.8;69.8;69.7;71.0;..;..
Low & middle income;..;..;..;..;..;..;..;..;..;..;;..;..;..;..;..;..;..;..;..;..;..;..;..;..;..;..;..;..;..;..;27.7;27.8;28.5;28.8;29.7;29.4;30.0;29.9;30.1;30.2;29.8;29.4;29.0;28.0;26.5;25.5;24.8;23.8;23.4;23.4;22.5;21.7;21.6;21.7;21.7;21.7;22.0;22.0;22.1;22.5;23.5;..;..
Low income;..;..;..;..;..;..;..;..;..;..;;..;..;..;..;..;..;..;..;..;..;..;..;..;..;..;..;..;..;..;..;66.3;68.2;70.3;72.0;74.0;75.1;76.8;76.9;77.9;77.3;77.1;77.1;77.7;77.8;77.9;77.5;77.2;77.9;77.0;78.8;78.5;79.7;78.9;80.4;79.8;80.3;79.7;76.6;76.6;75.8;77.0;..;..
Lower middle income;..;..;..;..;..;..;..;..;..;..;;..;..;..;..;..;..;..;..;..;..;..;..;..;..;..;..;..;..;..;..;41.1;40.8;41.4;42.6;43.0;42.5;42.3;41.8;42.2;41.4;41.1;40.8;40.2;39.8;39.2;38.8;38.1;37.1;36.7;36.1;35.3;34.4;34.4;34.5;33.8;33.3;33.0;32.4;31.9;32.0;33.7;..;..
Middle East & North Africa;..;..;..;..;..;..;..;..;..;..;;..;..;..;..;..;..;..;..;..;..;..;..;..;..;..;..;..;..;..;..;2.9;2.8;2.7;2.7;2.5;2.5;2.5;2.5;2.4;2.3;2.2;2.2;2.2;2.3;2.5;2.6;2.5;2.3;2.0;1.9;1.9;1.8;1.6;1.6;1.6;1.5;1.6;1.6;1.7;1.8;2.0;..;..
Middle East & North Africa (excluding high income);..;..;..;..;..;..;..;..;..;..;;..;..;..;..;..;..;..;..;..;..;..;..;..;..;..;..;..;..;..;..;4.1;4.0;3.8;3.9;3.6;3.5;3.5;3.4;3.4;3.2;3.0;3.0;3.0;3.2;3.5;3.6;3.4;3.2;2.7;2.7;2.7;2.7;2.6;2.6;2.5;2.5;2.6;2.5;2.5;2.8;2.9;..;..
Middle East & North Africa (IDA & IBRD countries);..;..;..;..;..;..;..;..;..;..;;..;..;..;..;..;..;..;..;..;..;..;..;..;..;..;..;..;..;..;..;4.1;3.9;3.8;3.8;3.5;3.4;3.5;3.4;3.4;3.2;3.0;3.0;2.9;3.1;3.4;3.5;3.4;3.2;2.7;2.7;2.7;2.6;2.6;2.6;2.5;2.5;2.5;2.5;2.5;2.7;2.9;..;..
Middle income;..;..;..;..;..;..;..;..;..;..;;..;..;..;..;..;..;..;..;..;..;..;..;..;..;..;..;..;..;..;..;26.3;26.4;27.1;27.3;28.1;27.8;28.3;28.2;28.3;28.5;28.0;27.6;27.2;26.2;24.7;23.6;23.0;22.1;21.7;21.6;20.7;19.9;19.8;19.9;19.9;19.9;20.1;20.2;20.2;20.7;21.6;..;..
North America;..;..;..;..;..;..;..;..;..;..;;..;..;..;..;..;..;..;..;..;..;..;..;..;..;..;..;..;..;..;..;6.2;6.5;6.7;6.2;6.1;6.7;6.7;6.4;6.4;7.5;7.2;6.5;6.7;7.1;7.3;7.5;8.0;7.9;8.4;8.9;8.9;9.8;10.2;10.5;10.6;10.5;10.8;11.4;11.5;11.8;12.6;..;..
Not classified;..;..;..;..;..;..;..;..;..;..;;..;..;..;..;..;..;..;..;..;..;..;..;..;..;..;..;..;..;..;..;..;..;..;..;..;..;..;..;..;..;..;..;..;..;..;..;..;..;..;..;..;..;..;..;..;..;..;..;..;..;..;..;..
OECD members;..;..;..;..;..;..;..;..;..;..;;..;..;..;..;..;..;..;..;..;..;..;..;..;..;..;..;..;..;..;..;7.2;7.3;7.5;7.4;7.2;7.5;7.5;7.4;7.5;7.9;7.9;7.5;7.6;7.9;8.1;8.3;8.7;9.0;9.5;10.1;10.4;10.9;11.5;11.9;12.2;12.3;12.5;12.9;13.3;13.8;14.9;..;..
Other small states;..;..;..;..;..;..;..;..;..;..;;..;..;..;..;..;..;..;..;..;..;..;..;..;..;..;..;..;..;..;..;27.5;28.0;30.2;30.3;30.7;31.9;31.4;30.9;30.5;31.6;31.3;30.8;30.5;31.5;29.8;30.3;29.7;29.9;30.3;32.5;31.6;29.1;26.2;28.3;26.6;26.7;26.1;25.9;26.6;26.5;27.6;..;..
Pacific island small states;..;..;..;..;..;..;..;..;..;..;;..;..;..;..;..;..;..;..;..;..;..;..;..;..;..;..;..;..;..;..;52.8;51.4;47.1;47.7;50.4;47.2;46.5;43.0;39.6;44.7;43.2;38.0;41.8;37.7;35.4;37.8;36.6;33.8;36.7;34.7;29.6;31.4;31.2;31.1;31.2;31.4;28.8;29.0;27.4;27.4;29.7;..;..
Post-demographic dividend;..;..;..;..;..;..;..;..;..;..;;..;..;..;..;..;..;..;..;..;..;..;..;..;..;..;..;..;..;..;..;6.3;6.5;6.6;6.5;6.4;6.7;6.7;6.7;6.8;7.3;7.2;6.8;6.9;7.2;7.4;7.6;8.1;8.4;8.9;9.6;9.8;10.3;10.9;11.4;11.7;11.9;12.1;12.6;12.9;13.4;14.5;..;..
Pre-demographic dividend;..;..;..;..;..;..;..;..;..;..;;..;..;..;..;..;..;..;..;..;..;..;..;..;..;..;..;..;..;..;..;78.3;79.7;77.9;78.5;79.3;79.4;79.1;78.4;79.3;79.2;78.5;77.7;77.9;78.6;78.0;78.2;78.3;78.1;77.3;77.9;75.9;75.0;73.6;72.7;73.2;74.0;73.6;73.3;72.7;72.0;73.9;..;..
Small states;..;..;..;..;..;..;..;..;..;..;;..;..;..;..;..;..;..;..;..;..;..;..;..;..;..;..;..;..;..;..;25.3;25.4;27.1;27.6;27.4;28.2;27.6;27.0;26.2;27.1;26.7;26.0;26.3;26.8;25.4;25.7;25.2;25.3;26.3;28.4;27.6;25.6;23.4;25.2;23.7;24.0;23.6;23.4;23.9;23.7;25.0;..;..
South Asia;..;..;..;..;..;..;..;..;..;..;;..;..;..;..;..;..;..;..;..;..;..;..;..;..;..;..;..;..;..;..;55.7;55.1;54.3;54.0;53.1;52.0;51.4;50.3;50.3;49.4;49.4;49.5;48.4;48.0;47.2;46.4;45.5;43.7;42.1;40.3;39.2;37.9;37.6;37.9;36.8;36.1;35.3;34.6;34.7;35.5;37.8;..;..
South Asia (IDA & IBRD);..;..;..;..;..;..;..;..;..;..;;..;..;..;..;..;..;..;..;..;..;..;..;..;..;..;..;..;..;..;..;55.7;55.1;54.3;54.0;53.1;52.0;51.4;50.3;50.3;49.4;49.4;49.5;48.4;48.0;47.2;46.4;45.5;43.7;42.1;40.3;39.2;37.9;37.6;37.9;36.8;36.1;35.3;34.6;34.7;35.5;37.8;..;..
Sub-Saharan Africa;..;..;..;..;..;..;..;..;..;..;;..;..;..;..;..;..;..;..;..;..;..;..;..;..;..;..;..;..;..;..;70.8;71.5;72.1;73.0;73.7;73.4;72.5;71.6;72.3;72.8;72.8;72.6;72.1;71.4;70.9;70.7;70.8;70.3;70.2;70.3;70.8;70.3;69.3;68.2;68.0;68.5;68.5;68.2;68.2;68.7;70.6;..;..
Sub-Saharan Africa (excluding high income);..;..;..;..;..;..;..;..;..;..;;..;..;..;..;..;..;..;..;..;..;..;..;..;..;..;..;..;..;..;..;70.8;71.5;72.1;73.0;73.8;73.4;72.5;71.6;72.3;72.9;72.8;72.6;72.1;71.4;70.9;70.7;70.8;70.3;70.2;70.3;70.8;70.3;69.3;68.2;68.0;68.5;68.6;68.2;68.3;68.7;70.6;..;..
Sub-Saharan Africa (IDA & IBRD countries);..;..;..;..;..;..;..;..;..;..;;..;..;..;..;..;..;..;..;..;..;..;..;..;..;..;..;..;..;..;..;70.8;71.5;72.1;73.0;73.7;73.4;72.5;71.6;72.3;72.8;72.8;72.6;72.1;71.4;70.9;70.7;70.8;70.3;70.2;70.3;70.8;70.3;69.3;68.2;68.0;68.5;68.5;68.2;68.2;68.7;70.6;..;..
Upper middle income;..;..;..;..;..;..;..;..;..;..;;..;..;..;..;..;..;..;..;..;..;..;..;..;..;..;..;..;..;..;..;19.9;20.0;20.5;20.5;21.1;20.8;21.4;21.3;21.3;21.6;21.0;20.4;20.1;18.9;17.5;16.3;15.7;15.0;14.6;14.6;13.8;13.1;13.1;13.1;13.3;13.6;13.9;14.2;14.5;15.1;15.8;..;..
World;..;..;..;..;..;..;..;..;..;..;;..;..;..;..;..;..;..;..;..;..;..;..;..;..;..;..;..;..;..;..;16.7;16.8;17.2;17.2;17.4;17.4;17.4;17.5;17.6;17.9;17.6;17.3;17.3;17.1;16.8;16.7;16.7;16.5;16.7;17.1;16.7;16.7;17.0;17.2;17.4;17.4;17.7;17.9;18.2;18.6;19.8;..;..
"Created from: World Development Indicators
Series : Renewable energy consumption (% of total final energy consumption)



";;;;;;;;;;;;;;;;;;;;;;;;;;;;;;;;;;;;;;;;;;;;;;;;;;;;;;;;;;;;;;;;